note_id,client_id,tags,products_mentioned,brands_mentioned,locations,events,professions,budget_range,budget_min,budget_max,budget_confidence,budget_amount,client_status,allergies,allergy_severity,dietary,relationship_context,key_dates,occasions,urgency,event_date,days_until_event,urgency_level,products,entities,implicit_signals,risk_flags,processing_notes,profession,processing_tier,confidence,processing_time_ms,rgpd_flag,error,reasoning,model_name,cost,age,gender,tier,ID,from_cache,escalation_failed
,,[],[],[],[],[],[],,,,,,,[],low,[],{},[],[],,,,,[],{},{},{},[],,tier2,0.0,0.0,False,,,,0.0,,,2,CA_101,True,
,,"['gift_for_self', 'gluten_free', 'vegan', 'shopping_with_spouse', 'gift_for_nieces_nephews', 'travel_frequent']",[],[],['Nepal'],['private viewing'],[],10K-20K,14000.0,21000.0,inferred,,first_visit,['gluten_allergy'],high,"['vegan', 'gluten_free']","{'gift_for': ['self', 'nieces_nephews'], 'shopping_with': ['spouse']}",[],['wedding_anniversary'],,2026-07-01,153.0,,[],{},{},{},[],medical_physician,tier2,0.85,0.0,False,,"First visit with high potential, multiple gift contexts, clear dietary restrictions, and a specific budget range mentioned as flexible. The anniversary date is inferred based on typical annual patterns.",mistral-medium-latest,0.0,,,2,CA_102,False,'coroutine' object is not iterable
,,[],[],[],[],[],[],,,,,,,[],low,['vegetarian'],"{'gift_for': [], 'shopping_with': []}",[],[],,,,,[],{},{},{},[],,tier1,0.6,1.1830329895019531,False,,,,0.0,,female,1,CA_103,True,
,,"['travel_frequent', 'gift_for_genitori']",[],[],"['San Francisco', 'Tokyo', 'Singapore']",[],[],10K+,10000.0,,inferred,,new,['penicillina_allergy'],medium,[],"{'gift_for': ['genitori'], 'shopping_with': []}",[],['anniversario_genitori'],,,,,[],{},{},{},[],tech_executive,tier2,0.85,0.0,False,,"Nuovo cliente con alto potenziale, informazioni sulla professione e sugli interessi, budget aperto ma non esplicito, allergia segnalata",llama-3.3-70b-versatile,0.0,,,2,CA_104,True,
,,[],[],[],[],[],[],,,,,,,[],low,[],{},[],[],,,,,[],{},{},{},[],,tier2,0.0,0.0,False,,,,0.0,,,2,CA_105,True,
,,[],[],[],[],[],[],,,,,,,[],low,[],{},[],[],,,,,[],{},{},{},[],,tier2,0.0,0.0,False,,,,0.0,,,2,CA_106,True,
,,[],,,,,,,,,,,,,,,,,,,,,,,,,,,,,0.0,,,'coroutine' object is not iterable,,,,,,3,CA_107,,
,,[],[],[],[],[],[],,,,,,,[],low,[],{},[],[],,,,,[],{},{},{},[],,tier2,0.0,0.0,False,,,,0.0,,,2,CA_108,True,
,,[],,,,,,,,,,,,,,,,,,,,,,,,,,,,,0.0,,,'coroutine' object is not iterable,,,,,,3,CA_109,,
,,[],[],[],[],[],[],,,,,,,[],low,[],{},[],[],,,,,[],{},{},{},[],,tier2,0.0,0.0,False,,,,0.0,,,2,CA_110,True,
,,"['leather_goods', 'vegetarian', 'pollen_allergy', 'art_collector', 'travel_frequent']",['sacs travail'],[],['Corse'],[],[],2K-5K,3600.0,5400.0,explicit,,regular,['pollen_allergy'],high,['vegetarian'],"{'gift_for': [], 'shopping_with': []}",[],[],,,,,[],{},{},{},[],architecte_paysagiste,tier2,0.85,0.0,False,,"Budget explicite, profession et statut client clairs, allergie sévère détectée, régime végétarien, pas d'urgence ni de date précise",mistral-medium-latest,0.0,,,2,CA_111,False,'coroutine' object is not iterable
,,[],[],[],[],[],[],,,,,,,[],low,[],{},[],[],,,,,[],{},{},{},[],,tier2,0.0,0.0,False,,,,0.0,,,2,CA_112,True,
,,[],[],[],[],[],[],10K-20K,,,,9000.0,,[],low,[],"{'gift_for': [], 'shopping_with': []}",[],[],,,,,[],{},{},{},[],,tier1,0.75,0.6539821624755859,False,,,,0.0,,female,1,CA_113,True,
,,"['shopping_with_spouse', 'gift_for_friend', 'pescatarian', 'wine_enthusiast', 'gift_for_family', 'leather_goods', 'art_collector', 'travel_frequent']",[],[],"['Rioja', 'Borgoña', 'Napa', 'Toscana', 'Nueva York']",['ARCO'],[],20K-50K,20000.0,50000.0,inferred,,vip,['lactose_intolerance'],medium,['pescatarian'],"{'gift_for': ['friend', 'family'], 'shopping_with': ['spouse']}",[],[],,,,,[],{},{},{},[],wine_producer,tier2,0.85,0.0,False,,VIP clients with inferred budget range due to flexibility. Detailed lifestyle and dietary preferences. Multiple locations and events mentioned. Some ambiguity in specific products and occasions.,mistral-medium-latest,0.0,,,2,CA_114,False,
,,[],[],[],[],[],[],,,,,,,[],low,[],{},[],[],,,,,[],{},{},{},[],,tier2,0.0,0.0,False,,,,0.0,,,2,CA_115,True,
,,[],[],[],[],[],[],,,,,,,[],low,[],{},[],[],,,,,[],{},{},{},[],,tier2,0.0,0.0,False,,,,0.0,,,2,CA_116,True,
,,[],[],[],[],[],[],,,,,,,[],low,[],{},[],[],,,,,[],{},{},{},[],,tier2,0.0,0.0,False,,,,0.0,,,2,CA_117,True,
,,[],[],[],[],[],[],5K-10K,,,,7000.0,,[],low,[],"{'gift_for': [], 'shopping_with': []}",[],[],,,,,[],{},{},{},[],,tier1,0.75,1.0564327239990234,False,,,,0.0,,female,1,CA_118,True,
,,[],[],[],[],[],[],,,,,,,[],low,[],{},[],[],,,,,[],{},{},{},[],,tier2,0.0,0.0,False,,,,0.0,,,2,CA_119,True,
,,[],[],[],[],[],[],,,,,,,[],low,[],{},[],[],,,,,[],{},{},{},[],,tier2,0.0,0.0,False,,,,0.0,,,2,CA_120,True,
,,"['watches', 'wedding', 'leather_goods']",[],[],[],[],[],5K-10K,,,,5000.0,,['nickel_allergy'],low,['vegan'],"{'gift_for': [], 'shopping_with': []}",[],[],,,,,[],{},{},{},[],,tier1,0.95,1.508951187133789,False,,,,0.0,,female,1,CA_121,True,
,,[],[],[],[],[],[],,,,,,,[],low,[],{},[],[],,,,,[],{},{},{},[],,tier2,0.0,0.0,False,,,,0.0,,,2,CA_122,True,
,,[],[],[],[],[],[],5K-10K,,,,6000.0,,[],low,['vegetarian'],"{'gift_for': [], 'shopping_with': []}",[],[],,,,,[],{},{},{},[],,tier1,0.75,0.7715225219726562,False,,,,0.0,,female,1,CA_123,True,
,,[],[],[],[],[],[],,,,,,,[],low,[],{},[],[],,,,,[],{},{},{},[],,tier2,0.0,0.0,False,,,,0.0,,,2,CA_124,True,
,,['leather_goods'],[],[],[],[],[],5K-10K,,,,8000.0,,[],low,[],"{'gift_for': [], 'shopping_with': []}",[],[],,,,,[],{},{},{},[],,tier1,0.8,0.6401538848876953,False,,,,0.0,,,1,CA_125,True,
,,[],[],[],[],[],[],,,,,,,[],low,[],{},[],[],,,,,[],{},{},{},[],,tier2,0.0,0.0,False,,,,0.0,,,2,CA_126,True,
,,[],[],[],[],[],[],,,,,,,[],low,[],{},[],[],,,,,[],{},{},{},[],,tier2,0.0,0.0,False,,,,0.0,,,2,CA_127,True,
,,[],[],[],[],[],[],,,,,,,[],low,[],{},[],[],,,,,[],{},{},{},[],,tier2,0.0,0.0,False,,,,0.0,,,2,CA_128,True,
,,[],[],[],[],[],[],,,,,,,[],low,[],{},[],[],,,,,[],{},{},{},[],,tier2,0.0,0.0,False,,,,0.0,,,2,CA_129,True,
,,[],[],[],[],[],[],,,,,,,[],low,[],{},[],[],,,,,[],{},{},{},[],,tier2,0.0,0.0,False,,,,0.0,,,2,CA_130,True,
,,['watches'],[],[],[],[],[],5K-10K,,,,7000.0,,['nickel_allergy'],low,['vegan'],"{'gift_for': [], 'shopping_with': []}",[],[],,,,,[],{},{},{},[],,tier1,0.8500000000000001,1.4736652374267578,False,,,,0.0,,female,1,CA_131,False,
,,"['gift_for_parent', 'pescatarian', 'latex_allergy', 'art_collector', 'travel_frequent']",[],[],['Europe'],['river cruise'],[],10K-20K,11250.0,22500.0,inferred,,regular,['latex_allergy'],medium,['pescatarian'],"{'gift_for': ['parent'], 'shopping_with': []}",[],['birthday'],,,,,[],{},{},{},[],,tier2,0.87,0.0,False,,Regular clients with clear professions and lifestyle details. Budget inferred from 'flexible' and combined budget mention. Allergy and dietary preferences explicitly stated. Travel and art interests noted. Some ambiguity in specific product interests and exact dates.,mistral-medium-latest,0.0,,,2,CA_132,False,
,,[],[],[],[],[],[],5K-10K,,,,6000.0,,[],low,['vegetarian'],"{'gift_for': [], 'shopping_with': []}",[],[],,,,,[],{},{},{},[],,tier1,0.75,2.0084381103515625,False,,,,0.0,,female,1,CA_133,False,
,,"['gift_for_child', 'gluten_free', 'gift_for_grandchild', 'shopping_with_spouse', 'pescatarian', 'jewelry', 'watches', 'leather_goods', 'travel_frequent']",[],[],"['Mediterráneo', 'Orient Express']",[],[],20K-50K,23000.0,46000.0,explicit,,vip,['gluten_intolerance'],medium,['pescatarian'],"{'gift_for': ['child', 'grandchild'], 'shopping_with': ['spouse']}",[],[],,,,,[],{},{},{},[],,tier2,0.92,0.0,False,,"VIP clients with explicit flexible budget, multiple gift occasions, specific lifestyle preferences, and dietary restrictions mentioned.",mistral-medium-latest,0.0,,,2,CA_134,False,
,,[],[],[],[],[],[],10K-20K,,,,9000.0,,[],low,[],"{'gift_for': [], 'shopping_with': []}",[],[],,,,,[],{},{},{},[],,tier1,0.75,1.6047954559326172,False,,,,0.0,,,1,CA_135,False,
,,"['latex_allergy', 'pescatarian', 'leather_goods']",['sacs nouveaux collection printemps'],[],[],['championnat France'],[],5K-10K,6500.0,6500.0,explicit,,regular,['latex_allergy'],high,['pescatarian'],"{'gift_for': [], 'shopping_with': []}",[],['wedding_anniversary'],,2026-05-01,92.0,,[],{},{},{},[],medical_surgeon,tier2,0.92,0.0,False,,"Extraction complète: profession, budget explicite, allergie, régime alimentaire, occasion, et contexte familial détaillé",mistral-medium-latest,0.0,,,2,CA_136,False,'coroutine' object is not iterable
,,[],,,,,,,,,,,,,,,,,,,,,,,,,,,,,0.0,,,'coroutine' object is not iterable,,,,,,3,CA_137,,
,,"['ready_to_wear', 'valentines_gift', 'pescatarian', 'gift_for_spouse', 'leather_goods', 'travel_frequent']",[],[],[],[],[],10K-20K,10000.0,20000.0,explicit,,vip,['fragrance_sensitivity'],high,['pescatarian'],"{'gift_for': ['spouse'], 'shopping_with': []}",[],['valentines'],,2024-02-14,,,[],{},{},{},[],creative_designer,tier2,0.85,0.0,False,,VIP client with explicit budget and occasion. Allergies and dietary preferences mentioned. Some details inferred from context.,mistral-medium-latest,0.0,,,2,CA_138,False,'coroutine' object is not iterable
,,"['vegan', 'philanthropist', 'travel_luggage', 'leather_goods', 'travel_frequent']",[],[],"['África', 'Asia', 'América Latina', 'India']",[],[],5K-10K,5000.0,10000.0,explicit,,first_visit,['medication_allergy'],medium,['vegan'],"{'gift_for': [], 'shopping_with': []}",[],[],,,,,[],{},{},{},[],legal_lawyer,tier2,0.85,0.0,False,,"Client profile with explicit budget, detailed lifestyle and professional information, and specific dietary and allergy notes. No specific products or brands mentioned, but clear preferences for ethical and sustainable options.",mistral-medium-latest,0.0,,,2,CA_139,False,
,,"['ready_to_wear', 'gift_for_self', 'vegetarian', 'shopping_with_spouse', 'gift_for_spouse', 'leather_goods', 'art_collector', 'travel_frequent']",[],[],['Japan'],[],[],20K-50K,20000.0,50000.0,inferred,,vip,[],low,['vegetarian'],"{'gift_for': ['spouse'], 'shopping_with': ['spouse']}",[],['wedding_anniversary'],,,,,[],{},{},{},[],entrepreneur_established,tier2,0.85,0.0,False,,"VIP clients with high budget flexibility, specific interests in design and architecture, and clear dietary preferences. No allergies mentioned. Travel and art collection interests noted. Budget inferred from VIP status and mentioned flexibility.",mistral-medium-latest,0.0,,,2,CA_140,False,
,,"['ready_to_wear', 'nut_allergy', 'pescatarian', 'shopping_with_spouse', 'travel_luggage', 'leather_goods', 'art_collector', 'travel_frequent']",['sac élégant usage quotidien'],[],['Asie'],[],[],5K-10K,5000.0,5500.0,explicit,,first_visit,['nut_allergy'],high,['pescatarian'],"{'gift_for': [], 'shopping_with': ['spouse']}",[],[],,,,,[],{},{},{},[],cheffe_restaurant,tier2,0.85,0.0,False,,"Budget explicite, profession et allergie sévère détectées, contexte culinaire détaillé mais pas d'occasion ou urgence spécifique",mistral-medium-latest,0.0,,,2,CA_141,False,'coroutine' object is not iterable
,,"['gift_for_child', 'philanthropist', 'gift_for_grandchild', 'pescatarian', 'legal_corporate', 'leather_goods', 'art_collector', 'travel_frequent']",[],[],['Danube'],['fundraising galas'],[],50K+,50000.0,,inferred,,vip,[],low,['pescatarian'],"{'gift_for': ['child', 'grandchild'], 'shopping_with': []}",[],[],,,,,[],{},{},{},[],CEO,tier2,0.95,0.0,False,,VIP clients with high budget flexibility and multiple gift opportunities. Detailed lifestyle and professional information provided.,mistral-medium-latest,0.0,,,2,CA_142,False,
,,[],[],[],[],[],[],5K-10K,,,,7000.0,,[],low,['vegetarian'],"{'gift_for': [], 'shopping_with': []}",[],[],,,,,[],{},{},{},[],,tier1,0.75,1.5528202056884766,False,,,,0.0,,female,1,CA_143,False,
,,"['travel_frequent', 'vegan', 'art_collector', 'gift_for_self']",[],[],['California'],[],[],20K-50K,20000.0,50000.0,inferred,,first_visit,['pollen_allergy'],high,['vegan'],"{'gift_for': ['self'], 'shopping_with': []}",[],['celebration'],,,,,[],{},{},{},[],tech_executive,tier2,0.85,0.0,False,,Client potentiel avec budget inféré basé sur statut et mention de 14K. Allergie sévère détectée. Informations partielles sur les produits et les occasions.,mistral-medium-latest,0.0,,,2,CA_144,False,'coroutine' object is not iterable
,,['leather_goods'],[],[],[],[],[],10K-20K,,,,9000.0,,[],low,[],"{'gift_for': [], 'shopping_with': []}",[],[],,,,,[],{},{},{},[],,tier1,0.8,1.8491744995117188,False,,,,0.0,,,1,CA_145,False,
,,"['vegetarian', 'gift_for_colleague', 'art_collector', 'travel_frequent']",[],[],"['Paris', 'Milan', 'New York', 'London']",['Fashion Week'],[],10K-20K,11000.0,22000.0,explicit,,vip,['textile_dye_allergy'],high,['vegetarian'],"{'gift_for': ['colleague'], 'shopping_with': []}",[],[],,2024-02-01,,,[],{},{},{},[],creative_designer,tier2,0.92,0.0,False,,"VIP client with explicit budget, clear profession, and specific lifestyle details. Allergy severity inferred as high due to professional context. Multiple relevant tags extracted from detailed client description.",mistral-medium-latest,0.0,,,2,CA_146,False,'coroutine' object is not iterable
,,"['gift_for_child', 'vegetarian', 'shopping_with_spouse', 'travel_luggage', 'gift_for_spouse', 'leather_goods', 'art_collector', 'travel_frequent']",[],[],['Peru'],['expedition celebration'],[],20K-50K,18000.0,54000.0,inferred,,vip,[],low,['vegetarian'],"{'gift_for': ['spouse', 'child'], 'shopping_with': ['spouse']}",[],['wedding_anniversary'],this_month,2026-03-01,30.0,,[],{},{},{},[],academic_anthropology_archaeology,tier2,0.95,0.0,False,,"VIP clients with high combined budget and specific preferences. Detailed professional and personal context provided, including travel plans and family information. Clear dietary preferences and shopping context.",mistral-medium-latest,0.0,,,2,CA_147,False,
,,[],[],[],[],[],[],5K-10K,,,,8000.0,,[],low,[],"{'gift_for': [], 'shopping_with': []}",[],[],,,,,[],{},{},{},[],,tier1,0.75,1.7244815826416016,False,,,,0.0,,female,1,CA_148,False,
,,[],[],[],[],[],[],,,,,,,[],low,['vegetarian'],"{'gift_for': [], 'shopping_with': []}",[],[],,,,,[],{},{},{},[],,tier1,0.6,1.3017654418945312,False,,,,0.0,,female,1,CA_149,False,
,,"['shopping_with_spouse', 'pescatarian', 'gift_for_spouse', 'leather_goods', 'art_collector', 'travel_frequent']",[],[],[],[],[],20K-50K,20000.0,50000.0,inferred,,vip,[],low,['pescatarian'],"{'gift_for': ['spouse'], 'shopping_with': ['spouse']}",[],['wedding_anniversary'],,,,,[],{},{},{},[],entrepreneur_established,tier2,0.85,0.0,False,,"VIP clients with a flexible budget mentioned, specific professions, and dietary preferences. No specific products or brands mentioned, but general interests in classic and modern styles. No allergies reported. The context suggests a high confidence level due to detailed client background and clear budget flexibility.",mistral-medium-latest,0.0,,,2,CA_150,False,
,,"['ready_to_wear', 'gift_for_self', 'vegetarian', 'shopping_with_spouse', 'leather_goods']",['Keepall'],[],[],['mariage'],[],5K-10K,4000.0,10000.0,inferred,,first_visit,['pollen_allergy'],high,['vegetarian'],"{'gift_for': ['self'], 'shopping_with': ['spouse']}",[],['wedding'],,2024-09-01,215.0,,[],{},{},{},[],legal_lawyer,tier2,0.85,0.0,False,,Client status inferred as first_visit due to 'nouvelle cliente'. Budget inferred from initial mention and potential high status. Allergy severity set to high due to 'sévère'. Wedding occasion inferred from 'mariage prévu septembre'.,mistral-medium-latest,0.0,,,2,CA_151,False,'coroutine' object is not iterable
,,"['ready_to_wear', 'gift_for_self', 'gluten_free', 'vegan', 'shopping_with_spouse', 'art_collector', 'travel_frequent']",[],[],"['Cannes', 'Berlin', 'Venice', 'Sundance']",['Cannes Film Festival'],[],20K-50K,20000.0,50000.0,inferred,,first_visit,['gluten_allergy'],high,['vegan'],"{'gift_for': ['self'], 'shopping_with': ['spouse']}",[],['celebration'],today,,,,[],{},{},{},[],entrepreneur_established,tier2,0.85,0.0,False,,Client status inferred as first_visit with high potential. Budget inferred as very open and discussed at 16K. Allergy severity marked as high due to 'severe gluten allergy critical'. Locations and events extracted from travel and festival mentions.,mistral-medium-latest,0.0,,,2,CA_152,False,'coroutine' object is not iterable
,,"['gift_for_child', 'nickel_allergy', 'pescatarian', 'gift_for_spouse', 'art_collector', 'travel_frequent']",[],[],[],['preview estate privata'],[],10K-20K,10000.0,20000.0,explicit,,vip,['nickel_allergy'],high,['pescatarian'],"{'gift_for': ['spouse', 'child'], 'shopping_with': []}",[],['wedding_anniversary'],,,,,[],{},{},{},[],legal_corporate,tier2,0.85,0.0,False,,"VIP client with explicit flexible budget, specific dietary and allergy information, and clear family context. Some details like exact products and specific events are missing.",mistral-medium-latest,0.0,,,2,CA_153,False,'coroutine' object is not iterable
,,"['ready_to_wear', 'vegan', 'art_collector', 'travel_frequent']",[],[],"['Dubái', 'Miami', 'Singapur']",[],[],50K+,50000.0,,inferred,,first_visit,[],low,['vegan'],"{'gift_for': [], 'shopping_with': []}",[],[],,,,,[],{},{},{},[],entrepreneur_startup,tier2,0.85,0.0,False,,"Client potentiel haut de gamme avec budget inféré très élevé, style de vie et profession clairement identifiés, régime alimentaire spécifié, pas d'allergies mentionnées, pas de produits spécifiques mentionnés.",mistral-medium-latest,0.0,,,2,CA_154,False,
,,"['gift_for_colleague', 'leather_goods']",[],[],[],[],[],10K-20K,8800.0,13200.0,explicit,,regular,[],low,['vegetarian'],"{'gift_for': ['colleague'], 'shopping_with': []}",[],[],,2024-03-01,30.0,,[],{},{},{},[],tech_executive,tier2,0.85,0.0,False,,Budget explicite + statut client régulier + contexte professionnel détaillé,mistral-medium-latest,0.0,,,2,CA_155,False,
,,"['vegetarian', 'shopping_with_spouse', 'nut_allergy', 'travel_luggage', 'gift_for_spouse']",['sac voyage professionnel'],[],[],['mariage'],[],5K-10K,4800.0,7200.0,explicit,,first_visit,['nut_allergy'],high,['vegetarian'],"{'gift_for': ['spouse'], 'shopping_with': ['spouse']}",[],['wedding'],,,,,[],{},{},{},[],tech_executive,tier2,0.85,0.0,False,,"Budget explicite, profession et allergie clairement mentionnées, contexte de mariage futur et besoins professionnels identifiés",mistral-medium-latest,0.0,,,2,CA_156,False,'coroutine' object is not iterable
,,"['gift_for_child', 'gift_for_parent', 'shopping_with_spouse', 'pescatarian', 'gift_for_friend', 'gift_for_spouse', 'leather_goods', 'art_collector', 'travel_frequent']",[],[],[],"['private preview', 'anniversary celebration']",[],20K-50K,20000.0,60000.0,inferred,,vip,[],low,['pescatarian'],"{'gift_for': ['spouse', 'child', 'parent', 'friend'], 'shopping_with': ['spouse']}",[],['wedding_anniversary'],,2024-04-01,30.0,,[],{},{},{},[],,tier2,0.85,0.0,False,,"VIP clients with a flexible combined budget of 21K, inferred to be in the range of 20K-50K. They have specific tastes and preferences, with no allergies mentioned. The occasion is a major anniversary celebration, and they are planning to shop for various family members. The event date is inferred to be around April for the private preview.",mistral-medium-latest,0.0,,,2,CA_157,False,
,,['leather_goods'],[],[],[],[],[],5K-10K,,,,5000.0,,[],low,[],"{'gift_for': [], 'shopping_with': []}",[],[],,,,,[],{},{},{},[],,tier1,0.8,0.8335113525390625,False,,,,0.0,,female,1,CA_158,False,
,,[],[],[],[],[],[],,,,,,,[],low,['vegetarian'],"{'gift_for': [], 'shopping_with': []}",[],[],,,,,[],{},{},{},[],,tier1,0.6,1.0616779327392578,False,,,,0.0,,female,1,CA_159,False,
,,"['gift_for_child', 'ready_to_wear', 'vegetarian', 'leather_goods', 'art_collector', 'travel_frequent']",[],[],['Japan'],[],[],20K-50K,20000.0,50000.0,inferred,,vic,[],low,['vegetarian'],"{'gift_for': ['child'], 'shopping_with': []}",[],['wedding'],,,,,[],{},{},{},[],,tier2,0.85,0.0,False,,VIC status with high budget flexibility inferred from context. Multiple professions and lifestyle tags extracted. No specific products or brands mentioned. Dietary preferences and lack of allergies noted. Event date and urgency not specified.,mistral-medium-latest,0.0,,,2,CA_160,False,
,,"['shopping_with_spouse', 'pescatarian', 'wine_enthusiast', 'leather_goods', 'travel_frequent', 'shoes']",['sac élégant usage professionnel'],[],"['Bourgogne', 'Toscane', 'Napa']",[],[],5K-10K,5000.0,6000.0,explicit,,first_visit,['sulfite_allergy'],medium,['pescatarian'],"{'gift_for': [], 'shopping_with': ['spouse']}",[],[],,2024-04-01,,,[],{},{},{},[],sommelière_chef_de_cave,tier2,0.85,0.0,False,,"Budget explicite avec ajustement pour 'un tantinet', profession spécifique, allergie mentionnée avec sévérité moyenne, contexte professionnel et personnel détaillé",mistral-medium-latest,0.0,,,2,CA_161,False,
,,"['vegetarian', 'gift_for_children', 'gift_for_grandchildren', 'leather_goods', 'art_collector', 'travel_frequent']",[],[],[],['family reunion'],[],20K-50K,20000.0,60000.0,inferred,,vip,['shellfish_allergy'],high,['vegetarian'],"{'gift_for': ['children', 'grandchildren'], 'shopping_with': []}",[],['birthday'],,,,,[],{},{},{},[],medical_physician,tier2,0.95,0.0,False,,VIP clients with high lifetime value and explicit mention of flexible budget. Detailed personal and professional backgrounds provided. Multiple gift occasions and dietary preferences mentioned. Allergies and family events clearly stated.,mistral-medium-latest,0.0,,,2,CA_162,False,'coroutine' object is not iterable
,,"['vegan', 'travel_luggage', 'leather_goods', 'art_collector', 'travel_frequent']",[],[],"['Africa', 'Middle East', 'Asia', 'India']",[],[],5K-10K,5000.0,7000.0,explicit,,first_visit,[],low,['vegan'],"{'gift_for': [], 'shopping_with': []}",[],[],,,,,[],{},{},{},[],legal_lawyer,tier2,0.85,0.0,False,,"Budget explicite, profession claire, régime vegan, pas de date ou d'urgence mentionnées, pas de produits spécifiques mentionnés",mistral-medium-latest,0.0,,,2,CA_163,False,
,,"['ready_to_wear', 'vegetarian', 'jewelry', 'travel_luggage', 'watches', 'gift_for_colleague', 'travel_frequent', 'shoes']",[],[],[],['private_preview'],[],20K-50K,19500.0,52000.0,inferred,,vip,[],low,['vegetarian'],"{'gift_for': ['colleague'], 'shopping_with': []}",[],['retirement'],,2024-05,,,[],{},{},{},[],music_conductor,tier2,0.85,0.0,False,,VIP client with inferred budget range due to flexibility mentioned. Specific dietary preference and profession identified. Urgency and exact products not specified.,mistral-medium-latest,0.0,,,2,CA_164,False,
,,"['nickel_allergy', 'ready_to_wear', 'pescatarian', 'travel_luggage', 'leather_goods', 'art_collector', 'travel_frequent']",[],[],"['Paris', 'Mailand', 'New York', 'London']",['Fashion Weeks'],[],10K-20K,10000.0,20000.0,explicit,,regular,['nickel_allergy'],medium,['pescatarian'],"{'gift_for': [], 'shopping_with': []}",[],[],,,,,[],{},{},{},[],Chefredakteurin,tier2,0.85,0.0,False,,Budget explicite + profil client détaillé + allergie mentionnée + lifestyle tags multiples,mistral-medium-latest,0.0,,,2,CA_165,False,
,,"['vegetarian', 'shopping_with_spouse', 'travel_luggage', 'leather_goods', 'art_collector', 'travel_frequent']",['sac travail'],[],[],[],[],5K-10K,4000.0,6000.0,explicit,,first_visit,['dust_allergy'],high,['vegetarian'],"{'gift_for': [], 'shopping_with': ['spouse']}",[],[],,2024-05-01,,,[],{},{},{},[],architect,tier2,0.85,0.0,False,,"Budget explicite, profession et allergie détectées, contexte client détaillé mais pas d'urgence ou d'occasion spécifique",mistral-medium-latest,0.0,,,2,CA_166,False,'coroutine' object is not iterable
,,"['gift_for_child', 'ready_to_wear', 'gift_for_grandchild', 'pescatarian', 'jewelry', 'leather_goods', 'art_collector', 'travel_frequent']",[],[],['Antarctica'],['Antarctica expedition'],[],50K+,50000.0,,inferred,,vip,[],low,['pescatarian'],"{'gift_for': ['child', 'grandchild'], 'shopping_with': []}",[],['family_celebration'],,,,,[],{},{},{},[],retired_corporate_executives,tier2,0.85,0.0,False,,VIP clients with significant liquidity event and very flexible budget. Extensive travel and lifestyle details provided. Specific dietary restrictions and family context mentioned.,mistral-medium-latest,0.0,,,2,CA_167,False,
,,[],[],[],[],[],[],5K-10K,,,,7000.0,,[],low,['vegetarian'],"{'gift_for': [], 'shopping_with': []}",[],[],,,,,[],{},{},{},[],,tier1,0.75,1.8913745880126953,False,,,,0.0,,female,1,CA_168,False,
,,"['gift_for_child', 'ready_to_wear', 'vegan', 'latex_allergy', 'gift_for_spouse', 'art_collector', 'travel_frequent']",[],[],[],['presentación privada exclusiva'],[],10K-20K,12000.0,24000.0,inferred,,vip,['latex_allergy'],high,['vegan'],"{'gift_for': ['spouse', 'child'], 'shopping_with': []}",[],['wedding_anniversary'],,2024-04-01,30.0,,[],{},{},{},[],legal_corporate,tier2,0.92,0.0,False,,VIP client with clear budget range and specific dietary and allergy information. Event date inferred from the mention of calling in April for a private presentation.,mistral-medium-latest,0.0,,,2,CA_169,False,'coroutine' object is not iterable
,,"['gift_for_parent', 'pescatarian', 'leather_goods', 'art_collector', 'travel_frequent']",[],[],[],[],[],20K-50K,17000.0,51000.0,inferred,,regular,[],low,['pescatarian'],"{'gift_for': ['parent'], 'shopping_with': []}",[],[],,,,,[],{},{},{},[],,tier2,0.85,0.0,False,,Budget inféré basé sur le statut de client régulier et la mention de flexibilité. Professions et régimes alimentaires clairement mentionnés. Pas de date spécifique ou d'urgence détectée.,mistral-medium-latest,0.0,,,2,CA_170,False,
,,"['watches', 'leather_goods']",[],[],[],[],[],50K+,,,,550000.0,,[],low,['vegan'],"{'gift_for': [], 'shopping_with': []}",[],[],,,,,[],{},{},{},[],,tier1,0.85,2.0210742950439453,False,,,,0.0,,female,1,CA_171,False,
,,"['lactose_intolerance', 'pescatarian', 'gift_for_spouse', 'art_collector', 'travel_frequent']",[],[],[],"['private preview', 'anniversary party']",[],30K-60K,30000.0,60000.0,inferred,,vip,['lactose_intolerant'],medium,['pescatarian'],"{'gift_for': ['spouse'], 'shopping_with': []}",[],['wedding_anniversary'],,2026-04-01,61.0,,[],{},{},{},[],medical_surgeon,tier2,0.95,0.0,False,,VIP clients with explicit combined budget and clear occasion. Detailed professional and personal context provided. Specific dietary and allergy information mentioned. Event date inferred from 'April' reference.,mistral-medium-latest,0.0,,,2,CA_172,False,
,,[],[],[],[],[],[],5K-10K,,,,6000.0,,[],low,['vegetarian'],"{'gift_for': [], 'shopping_with': []}",[],[],,,,,[],{},{},{},[],,tier1,0.75,1.583099365234375,False,,,,0.0,,female,1,CA_173,False,
,,[],[],[],[],[],[],,,,,,,[],low,[],"{'gift_for': [], 'shopping_with': []}",[],[],,,,,[],{},{},{},[],,tier1,0.6,1.3697147369384766,False,,,,0.0,,female,1,CA_174,False,
,,"['ready_to_wear', 'vegetarian', 'shopping_with_spouse', 'travel_luggage', 'gift_for_colleague', 'leather_goods', 'art_collector', 'travel_frequent']",[],[],"['Frankfurt', 'London']",['Book Expo'],[],20K-50K,20000.0,50000.0,inferred,,vip,[],low,['vegetarian'],"{'gift_for': ['colleague'], 'shopping_with': ['spouse']}",[],['wedding_anniversary'],this_month,2024-04-01,30.0,,[],{},{},{},[],publisher,tier2,0.85,0.0,False,,VIP clients with a flexible budget and specific interests in literature and high-quality products. No allergies mentioned. Vegetarian diet specified. Urgency inferred from the need for spring collection and gifts for anniversaries.,mistral-medium-latest,0.0,,,2,CA_175,False,
,,"['shopping_with_spouse', 'pescatarian', 'travel_luggage', 'latex_allergy', 'leather_goods', 'travel_frequent']",['sacs voyage'],"['Hasselblad', 'Leica']","['New York', 'Milan', 'Tokyo']",[],[],5K-10K,5600.0,8400.0,explicit,,first_visit,['latex_allergy'],high,['pescatarian'],"{'gift_for': [], 'shopping_with': ['spouse']}",[],[],,,,,[],{},{},{},[],photographe,tier2,0.85,0.0,False,,"Budget explicite, profession et lifestyle détaillés, allergie mentionnée avec sévérité, contexte relationnel clair",mistral-medium-latest,0.0,,,2,CA_176,False,'coroutine' object is not iterable
,,"['gift_for_child', 'ready_to_wear', 'shopping_with_spouse', 'travel_frequent', 'shoes']",[],[],['Silicon Valley'],[],[],20K-50K,23000.0,57500.0,inferred,,vip,[],low,['vegan'],"{'gift_for': ['child'], 'shopping_with': ['spouse']}",[],[],,,,,[],{},{},{},[],,tier2,0.85,0.0,False,,"VIP clients with high combined budget and specific interests. Detailed professional and lifestyle information provided, but no specific products or events mentioned.",mistral-medium-latest,0.0,,,2,CA_177,False,
,,[],[],[],[],[],[],5K-10K,,,,8000.0,,[],low,[],"{'gift_for': [], 'shopping_with': []}",[],[],,,,,[],{},{},{},[],,tier1,0.75,1.1997222900390625,False,,,,0.0,,female,1,CA_178,False,
,,[],[],[],[],[],[],,,,,,,[],low,['vegetarian'],"{'gift_for': [], 'shopping_with': []}",[],[],,,,,[],{},{},{},[],,tier1,0.6,1.1451244354248047,False,,,,0.0,,female,1,CA_179,False,
,,"['vegetarian', 'shopping_with_spouse', 'jewelry', 'gift_for_spouse', 'leather_goods', 'art_collector', 'travel_frequent']",[],[],['The Hague'],[],[],20K-50K,21000.0,50000.0,explicit,,vip,[],low,['vegetarian'],"{'gift_for': ['spouse'], 'shopping_with': ['spouse']}",[],['wedding_anniversary'],,,,,[],{},{},{},[],legal_lawyer,tier2,0.95,0.0,False,,VIP clients with explicit budget and detailed professional background. Clear occasion and dietary preferences mentioned. No specific products or brands cited.,mistral-medium-latest,0.0,,,2,CA_180,False,
,,"['ready_to_wear', 'nut_allergy', 'pescatarian', 'shopping_with_spouse', 'travel_luggage', 'leather_goods', 'art_collector', 'travel_frequent']",['sac élégant travail'],[],"['Tokyo', 'Paris']",[],[],5K-10K,4800.0,7200.0,explicit,,first_visit,['nut_allergy'],high,['pescatarian'],"{'gift_for': [], 'shopping_with': ['spouse']}",[],[],,,,,[],{},{},{},[],creative_designer,tier2,0.85,0.0,False,,"Budget explicite, profession et contexte créatif bien définis, allergie sévère détectée, besoins spécifiques identifiés",mistral-medium-latest,0.0,,,2,CA_181,False,'coroutine' object is not iterable
,,"['gift_for_child', 'philanthropist', 'gift_for_grandchild', 'shopping_with_spouse', 'pescatarian', 'leather_goods', 'travel_frequent']",[],[],[],['company_IPO_gala'],[],50K+,50000.0,,inferred,,vip,[],low,['pescatarian'],"{'gift_for': ['child', 'grandchild'], 'shopping_with': ['spouse']}",[],"['business_milestone', 'company_IPO']",this_month,,,,[],{},{},{},[],tech_executive,tier2,0.85,0.0,False,,VIP clients with a high budget and specific dietary restrictions. They are celebrating a significant business milestone and have a history of philanthropy and high-end purchases.,mistral-medium-latest,0.0,,,2,CA_182,False,
,,[],[],[],[],[],[],5K-10K,,,,7000.0,,[],low,['vegetarian'],"{'gift_for': [], 'shopping_with': []}",[],[],,,,,[],{},{},{},[],,tier1,0.75,1.1322498321533203,False,,,,0.0,,female,1,CA_183,False,
,,[],[],[],[],[],[],,,,,,,[],low,['vegetarian'],"{'gift_for': [], 'shopping_with': []}",[],[],,,,,[],{},{},{},[],,tier1,0.6,1.6658306121826172,False,,,,0.0,,female,1,CA_184,False,
,,['leather_goods'],[],[],[],[],[],10K-20K,,,,9000.0,,[],low,[],"{'gift_for': [], 'shopping_with': []}",[],[],,,,,[],{},{},{},[],,tier1,0.8,1.3203620910644531,False,,,,0.0,,,1,CA_185,False,
,,"['travel_luggage', 'ready_to_wear', 'tech_engineer', 'vegetarian']",['sac voyage professionnel'],[],[],[],[],2K-5K,2000.0,5000.0,explicit,,first_visit,[],low,['vegetarian'],"{'gift_for': [], 'shopping_with': []}",[],[],,,,,[],{},{},{},[],tech_engineer,tier2,0.85,0.0,False,,"Budget explicite, profession et régime alimentaire identifiés, pas de date ou d'urgence mentionnées",mistral-medium-latest,0.0,,,2,CA_186,False,
,,[],,,,,,,,,,,,,,,,,,,,,,,,,,,,,0.0,,,'coroutine' object is not iterable,,,,,,3,CA_187,,
,,"['pescatarian', 'ready_to_wear', 'leather_goods', 'travel_frequent']",['borse nuove primavera'],[],[],[],[],5K-10K,5000.0,10000.0,explicit,,regular,[],low,['pescatarian'],"{'gift_for': [], 'shopping_with': []}",[],[],,2024-07-01,153.0,,[],{},{},{},[],tech_executive,tier2,0.85,0.0,False,,Budget explicite + client régulier + contexte professionnel détaillé + date future identifiée,mistral-medium-latest,0.0,,,2,CA_188,False,
,,"['nickel_allergy', 'ready_to_wear', 'vegetarian', 'leather_goods', 'travel_frequent']",['bolsos elegantes'],[],"['Milán', 'París', 'Miami']",[],[],10K-20K,11000.0,22000.0,explicit,,first_visit,['nickel_allergy'],medium,['vegetarian'],"{'gift_for': [], 'shopping_with': []}",[],[],,2024-07-01,,,[],{},{},{},[],creative_designer,tier2,0.85,0.0,False,,Presupuesto explícito + profesión clara + alergia detectada + estilo de vida detallado,mistral-medium-latest,0.0,,,2,CA_189,False,
,,"['vegetarian', 'shopping_with_spouse', 'gift_for_friend', 'gift_for_spouse', 'leather_goods', 'travel_frequent']",[],[],['USA'],['Implantologie Symposium'],[],20K-50K,18000.0,54000.0,inferred,,vip,[],low,['vegetarian'],"{'gift_for': ['spouse', 'friend'], 'shopping_with': ['spouse']}",[],['wedding_anniversary'],,,,,[],{},{},{},[],medical_dentist,tier2,0.85,0.0,False,,VIP clients with specific professional background and preferences. Budget inferred from 'flexible' and VIP status. Detailed lifestyle and professional information provided.,mistral-medium-latest,0.0,,,2,CA_190,False,
,,"['latex_allergy', 'ready_to_wear', 'vegan']",['sac professionnel écologique'],[],[],[],[],5K-10K,5000.0,5500.0,explicit,,first_visit,['latex_allergy'],medium,['vegan'],"{'gift_for': [], 'shopping_with': []}",[],[],,2024-08-01,180.0,,[],{},{},{},[],responsable développement durable,tier2,0.85,0.0,False,,"Budget explicite, profil client détaillé, allergie mentionnée, régime alimentaire spécifié, pas d'urgence détectée",mistral-medium-latest,0.0,,,2,CA_191,False,
,,"['retirement_gift', 'philanthropist', 'shopping_with_spouse', 'pescatarian', 'gift_for_children', 'gift_for_grandchildren', 'art_collector', 'travel_frequent']",[],[],[],['retirement_party'],[],20K-50K,20000.0,60000.0,inferred,,vip,[],low,['pescatarian'],"{'gift_for': ['children', 'grandchildren'], 'shopping_with': ['spouse']}",[],['retirement'],,,,,[],{},{},{},[],healthcare_executive,tier2,0.95,0.0,False,,"VIP clients with high budget flexibility, detailed professional backgrounds, specific dietary needs, and clear lifestyle interests. High confidence due to comprehensive context provided.",mistral-medium-latest,0.0,,,2,CA_192,False,
,,['belts'],[],[],[],[],[],5K-10K,,,,8000.0,,[],low,[],"{'gift_for': [], 'shopping_with': []}",[],[],,,,,[],{},{},{},[],,tier1,0.8,1.0747909545898438,False,,,,0.0,,female,1,CA_193,False,
,,[],[],[],[],[],[],,,,,,,[],low,[],"{'gift_for': [], 'shopping_with': []}",[],[],,,,,[],{},{},{},[],,tier1,0.6,1.1560916900634766,False,,,,0.0,,female,1,CA_194,False,
,,"['jewelry', 'leather_goods', 'shoes']",[],[],[],[],[],10K-20K,,,,9000.0,,['latex_allergy'],low,[],"{'gift_for': [], 'shopping_with': []}",[],[],,,,,[],{},{},{},[],,tier1,0.95,2.1791458129882812,False,,,,0.0,,,1,CA_195,False,
,,"['shopping_with_spouse', 'pescatarian', 'wine_enthusiast', 'leather_goods', 'travel_frequent']",['sac élégant travail'],[],[],[],[],5K-10K,5000.0,7200.0,explicit,,first_visit,['shellfish_allergy'],high,['pescatarian'],"{'gift_for': [], 'shopping_with': ['spouse']}",[],[],,2024-09-01,,,[],{},{},{},[],sommelier,tier2,0.85,0.0,False,,"Budget explicite, profession et allergie clairement mentionnées, contexte professionnel détaillé mais pas d'occasion spécifique",mistral-medium-latest,0.0,,,2,CA_196,False,'coroutine' object is not iterable
,,"['gift_for_child', 'philanthropist', 'vegetarian', 'gift_for_spouse', 'leather_goods', 'travel_frequent']",[],[],"['Geneva', 'Atlanta']","['private preview', 'charity event']",[],20K-50K,20000.0,50000.0,inferred,,vip,[],low,['vegetarian'],"{'gift_for': ['spouse', 'child'], 'shopping_with': []}",[],['medical_milestones'],,2024-06-01,150.0,,[],{},{},{},[],medical_physician,tier2,0.95,0.0,False,,"VIP clients with detailed professional and personal information, combined budget inferred as flexible, multiple gift occasions, and specific dietary preferences. High confidence due to comprehensive context provided.",mistral-medium-latest,0.0,,,2,CA_197,False,
,,[],[],[],[],[],[],5K-10K,,,,8000.0,,[],low,[],"{'gift_for': [], 'shopping_with': []}",[],[],,,,,[],{},{},{},[],,tier1,0.75,1.112222671508789,False,,,,0.0,,female,1,CA_198,False,
,,"['nickel_allergy', 'ready_to_wear', 'vegetarian', 'leather_goods', 'art_collector', 'travel_frequent']",['bolsos elegantes'],[],[],[],[],10K-20K,10000.0,20000.0,inferred,,first_visit,['nickel_allergy'],medium,['vegetarian'],"{'gift_for': [], 'shopping_with': []}",[],[],,2024-09-01,,,[],{},{},{},[],marketing_director,tier2,0.85,0.0,False,,Client status inferred as first_visit due to 'nueva clienta potencial'. Budget inferred as flexible range based on '10K flexible'. Allergy severity set to medium due to 'importante' mention. Vegetarian diet explicitly stated. Event date set to September for follow-up.,mistral-medium-latest,0.0,,,2,CA_199,False,
,,"['gift_for_child', 'vegetarian', 'shopping_with_spouse', 'professor', 'wine_enthusiast', 'graduation_gift', 'leather_goods', 'art_collector', 'travel_frequent']",[],[],['Genf'],['Symposium Quantenphysik'],[],20K-50K,19000.0,57000.0,inferred,,vip,[],low,['vegetarian'],"{'gift_for': ['child'], 'shopping_with': ['spouse']}",[],['graduation'],,,,,[],{},{},{},[],professor,tier2,0.85,0.0,False,,"VIP clients with a flexible budget mentioned. Academic professions and interests are noted. Vegetarian diet is specified. No allergies mentioned. The occasion is graduation for their children. The event date is not specified, but an event in Genf is mentioned.",mistral-medium-latest,0.0,,,2,CA_200,False,
,,"['travel_luggage', 'leather_goods', 'vegetarian']",['sac professionnel discret luxe'],[],[],[],[],5K-10K,5000.0,10000.0,explicit,,first_visit,['pollen_allergy'],high,['vegetarian'],"{'gift_for': [], 'shopping_with': []}",[],[],,,,,[],{},{},{},[],legal_notary,tier2,0.85,0.0,False,,"Budget explicite, profession et allergie clairement mentionnées, contexte familial et professionnel détaillé",mistral-medium-latest,0.0,,,2,CA_201,False,'coroutine' object is not iterable
,,"['ready_to_wear', 'shopping_with_spouse', 'pescatarian', 'jewelry', 'leather_goods', 'art_collector', 'travel_frequent']",[],[],"['New York', 'London', 'Hong Kong', 'Singapore']",['charity_gala'],[],20K-50K,22000.0,66000.0,inferred,,vip,[],low,['pescatarian'],"{'gift_for': [], 'shopping_with': ['spouse']}",[],['charity_gala'],,,,,[],{},{},{},[],,tier2,0.92,0.0,False,,VIP clients with extensive financial backgrounds and high combined budget. Detailed professions and lifestyle information provided. Specific dietary restrictions and travel habits mentioned. High confidence due to comprehensive context and clear VIP status.,mistral-medium-latest,0.0,,,2,CA_202,False,
,,[],[],[],[],[],[],5K-10K,,,,6000.0,,[],low,['vegetarian'],"{'gift_for': [], 'shopping_with': []}",[],[],,,,,[],{},{},{},[],,tier1,0.75,1.1415481567382812,False,,,,0.0,,female,1,CA_203,False,
,,[],[],[],[],[],[],,,,,,,[],low,[],"{'gift_for': [], 'shopping_with': []}",[],[],,,,,[],{},{},{},[],,tier1,0.6,0.9930133819580078,False,,,,0.0,,female,1,CA_204,False,
,,['leather_goods'],[],[],[],[],[],,,,,,,[],low,[],"{'gift_for': [], 'shopping_with': []}",[],[],,,,,[],{},{},{},[],,tier1,0.65,1.8541812896728516,False,,,,0.0,,,1,CA_205,False,
,,"['ready_to_wear', 'vegetarian', 'shopping_with_spouse', 'travel_luggage', 'pollen_allergy']",['sac voyage professionnel'],[],[],[],[],2K-5K,2000.0,5000.0,explicit,,first_visit,['pollen_allergy'],medium,['vegetarian'],"{'gift_for': [], 'shopping_with': ['spouse']}",[],[],,,,,[],{},{},{},[],tech_executive,tier2,0.85,0.0,False,,"Budget explicite, profession et statut client inférés, allergie et régime détectés, contexte relationnel partiel",mistral-medium-latest,0.0,,,2,CA_206,False,
,,"['gift_for_child', 'vegetarian', 'shopping_with_spouse', 'gift_for_colleague', 'travel_frequent']",[],[],['Harvard Medical School'],"['Harvard Medical School symposium', 'medical school graduation ceremony']",[],20K-50K,20000.0,50000.0,inferred,,vip,[],low,['vegetarian'],"{'gift_for': ['child', 'colleague'], 'shopping_with': ['spouse']}",[],['graduation'],,2024-07-01,,,[],{},{},{},[],medical_physician,tier2,0.85,0.0,False,,VIP clients with a combined budget of 21K which is very flexible. They are both in the medical field and have specific tastes and dietary preferences. They have multiple gift-giving opportunities and are planning a significant event.,mistral-medium-latest,0.0,,,2,CA_207,False,
,,"['pescatarian', 'jewelry', 'watches', 'leather_goods', 'travel_frequent']",['borse professionali'],[],[],[],[],10K-20K,8000.0,20000.0,explicit,,regular,['shellfish_allergy'],high,['pescatarian'],"{'gift_for': [], 'shopping_with': []}",[],[],,,,,[],{},{},{},[],finance_banker,tier2,0.85,0.0,False,,Budget explicite + profession claire + allergie grave détectée + régime alimentaire + contexte familial et professionnel détaillé,mistral-medium-latest,0.0,,,2,CA_208,False,'coroutine' object is not iterable
,,['fragrance'],[],[],[],[],[],,,,,,,[],low,['vegetarian'],"{'gift_for': [], 'shopping_with': []}",[],[],,,,,[],{},{},{},[],,tier1,0.65,0.9143352508544922,False,,,,0.0,,female,1,CA_209,False,
,,"['vegan', 'gift_for_parent', 'tech_engineer', 'travel_frequent']",[],['Tesla'],['USA'],[],[],10K-20K,12800.0,24000.0,inferred,,regular,[],low,['vegan'],"{'gift_for': ['parent'], 'shopping_with': []}",[],['birthday'],,,,,[],{},{},{},[],,tier2,0.85,0.0,False,,Budget inféré basé sur flexibilité et statut client. Professions et intérêts clairement mentionnés. Régime vegan et valeurs écologiques identifiées. Pas de date spécifique ni d'urgence mentionnée.,mistral-medium-latest,0.0,,,2,CA_210,False,
,,[],,,,,,,,,,,,,,,,,,,,,,,,,,,,,0.0,,,'coroutine' object is not iterable,,,,,,3,CA_211,,
,,"['gift_for_child', 'vegan', 'gift_for_grandchild', 'art_collector', 'travel_frequent']",[],[],[],['retirement celebration'],[],50K+,50000.0,,inferred,,vip,[],low,['vegan'],"{'gift_for': ['child', 'grandchild'], 'shopping_with': []}",[],['wedding_anniversary'],,,,,[],{},{},{},[],,tier2,0.85,0.0,False,,VIP clients with high inferred budget due to successful business exit. Multiple professions and lifestyle tags identified. No specific products or brands mentioned. Dietary preferences and gift contexts noted. Event details are somewhat vague but indicate a significant celebration.,mistral-medium-latest,0.0,,,2,CA_212,False,
,,[],[],[],[],[],[],5K-10K,,,,7000.0,,[],low,['vegetarian'],"{'gift_for': [], 'shopping_with': []}",[],[],,,,,[],{},{},{},[],,tier1,0.75,0.9953975677490234,False,,,,0.0,,female,1,CA_213,False,
,,[],[],[],[],[],[],,,,,,,[],low,[],"{'gift_for': [], 'shopping_with': []}",[],[],,,,,[],{},{},{},[],,tier1,0.6,0.9052753448486328,False,,,,0.0,,female,1,CA_214,False,
,,['leather_goods'],[],[],[],[],[],5K-10K,,,,8000.0,,[],low,[],"{'gift_for': [], 'shopping_with': []}",[],[],,,,,[],{},{},{},[],,tier1,0.8,1.055002212524414,False,,,,0.0,,,1,CA_215,False,
,,"['vegetarian', 'shopping_with_spouse', 'tech_engineer', 'travel_luggage', 'leather_goods']",['sac voyage professionnel sécurisé'],[],[],[],[],5K-10K,4000.0,6000.0,explicit,,first_visit,['nickel_allergy'],high,['vegetarian'],"{'gift_for': [], 'shopping_with': ['spouse']}",[],[],,,,,[],{},{},{},[],tech_engineer,tier2,0.85,0.0,False,,"Budget explicite, profession et allergie détectées, contexte tech sécurité unique",mistral-medium-latest,0.0,,,2,CA_216,False,'coroutine' object is not iterable
,,"['nickel_allergy', 'philanthropist', 'shopping_with_spouse', 'pescatarian', 'gift_for_spouse', 'leather_goods', 'travel_frequent']",[],[],[],['fundraising galas'],[],20K-50K,19000.0,38000.0,inferred,,vip,['nickel_allergy'],high,['pescatarian'],"{'gift_for': ['spouse'], 'shopping_with': ['spouse']}",[],['wedding_anniversary'],,,,,[],{},{},{},[],,tier2,0.92,0.0,False,,"VIP clients with specific professions and detailed lifestyle information. Budget inferred from 'combined budget 19K flexible' and VIP status. High severity nickel allergy noted. Multiple occasions and contexts mentioned, including philanthropic activities.",mistral-medium-latest,0.0,,,2,CA_217,False,'coroutine' object is not iterable
,,[],[],[],[],[],[],5K-10K,,,,6000.0,,[],low,['vegetarian'],"{'gift_for': [], 'shopping_with': []}",[],[],,,,,[],{},{},{},[],,tier1,0.75,1.722574234008789,False,,,,0.0,,female,1,CA_218,False,
,,[],[],[],[],[],[],,,,,,,[],low,[],"{'gift_for': [], 'shopping_with': []}",[],[],,,,,[],{},{},{},[],,tier1,0.6,2.080678939819336,False,,,,0.0,,female,1,CA_219,False,
,,"['vegetarian', 'gift_for_friend', 'gift_for_family', 'travel_frequent']",[],[],[],[],[],20K-50K,18000.0,50000.0,inferred,,vip,[],low,['vegetarian'],"{'gift_for': ['family', 'friend'], 'shopping_with': []}",[],['birthday'],,,,,[],{},{},{},[],,tier2,0.85,0.0,False,,"VIP clients with high budget flexibility, multiple gifts for family and friends, specific professions, and dietary preferences mentioned. No specific products or brands mentioned, but clear context for high-value purchases.",mistral-medium-latest,0.0,,,2,CA_220,False,
,,"['vegetarian', 'leather_goods', 'art_collector', 'travel_frequent']",['sac élégant'],[],[],[],[],5K-10K,5000.0,10000.0,explicit,,first_visit,['moisissures_allergy'],high,['vegetarian'],"{'gift_for': [], 'shopping_with': []}",[],[],,,,,[],{},{},{},[],conservatrice,tier2,0.85,0.0,False,,"Budget explicite, profession et allergie détectées, contexte culturel riche mais pas d'urgence ni d'occasion spécifique",mistral-medium-latest,0.0,,,2,CA_221,False,'coroutine' object is not iterable
,,"['gift_for_child', 'pescatarian', 'gift_for_colleague', 'art_collector', 'travel_frequent']",[],[],[],['retirement celebration'],[],20K-50K,20000.0,60000.0,inferred,,vip,[],low,['pescatarian'],"{'gift_for': ['child', 'colleague'], 'shopping_with': []}",[],['retirement'],,,,,[],{},{},{},[],,tier2,0.85,0.0,False,,"VIP clients with high budget flexibility and clear lifestyle preferences. No specific products or dates mentioned, but clear context for retirement celebration and gifting opportunities.",mistral-medium-latest,0.0,,,2,CA_222,False,
,,[],[],[],[],[],[],5K-10K,,,,7000.0,,['nickel_allergy'],low,[],"{'gift_for': [], 'shopping_with': []}",[],[],,,,,[],{},{},{},[],,tier1,0.8,1.1665821075439453,False,,,,0.0,,female,1,CA_223,False,
,,[],[],[],[],[],[],,,,,,,[],low,['vegetarian'],"{'gift_for': [], 'shopping_with': []}",[],[],,,,,[],{},{},{},[],,tier1,0.6,1.1639595031738281,False,,,,0.0,,female,1,CA_224,False,
,,"['fragrance', 'pescatarian', 'leather_goods', 'art_collector', 'travel_frequent']",[],[],"['Dubai', 'Miami']",[],[],10K-20K,8000.0,20000.0,inferred,,regular,['fragrance_sensitivity'],medium,['pescatarian'],"{'gift_for': [], 'shopping_with': []}",[],[],,,,,[],{},{},{},[],medical_physician,tier2,0.85,0.0,False,,Client status and profession explicitly mentioned. Budget inferred from context. Allergy severity set to medium as no specific severity mentioned. Locations and dietary preferences extracted from context.,mistral-medium-latest,0.0,,,2,CA_225,False,
,,"['ready_to_wear', 'vegetarian', 'tech_engineer', 'leather_goods', 'travel_frequent']",['sac travail'],[],[],[],[],5K-10K,4400.0,6600.0,explicit,,first_visit,[],low,['vegetarian'],"{'gift_for': [], 'shopping_with': []}",[],[],,2026-03-01,30.0,,[],{},{},{},[],tech_engineer,tier2,0.85,0.0,False,,"Budget explicite avec marge d'incertitude, profession et régime alimentaire identifiés, pas d'urgence détectée, date de rappel approximative",mistral-medium-latest,0.0,,,2,CA_226,False,
,,"['gift_for_child', 'ready_to_wear', 'gift_for_grandchild', 'small_leather', 'pescatarian', 'gift_for_friend', 'jewelry', 'gift_for_colleague', 'leather_goods', 'travel_frequent', 'shoes']",[],[],[],"['Olympics', 'World Cups', 'major tournaments']",[],20K-50K,20000.0,50000.0,inferred,,vip,[],low,['pescatarian'],"{'gift_for': ['child', 'grandchild', 'colleague', 'friend'], 'shopping_with': []}",[],"['celebration', 'milestone']",,2024-09-01,245.0,,[],{},{},{},[],"medical_surgeon, medical_physician",tier2,0.95,0.0,False,,VIP clients with specific professions and detailed lifestyle information. Combined budget inferred as flexible range. Multiple gift occasions and dietary preferences mentioned. Specific follow-up date allows for days_until_event calculation.,mistral-medium-latest,0.0,,,2,CA_227,False,
,,[],[],[],[],[],[],5K-10K,,,,6000.0,,[],low,[],"{'gift_for': [], 'shopping_with': []}",[],[],,,,,[],{},{},{},[],,tier1,0.75,1.9123554229736328,False,,,,0.0,,female,1,CA_228,False,
,,"['ready_to_wear', 'leather_goods', 'vegetarian']",['bolsos profesionales elegantes'],[],[],[],[],10K-20K,11000.0,22000.0,explicit,,first_visit,[],low,['vegetarian'],"{'gift_for': [], 'shopping_with': []}",[],[],,2024-03-01,,,[],{},{},{},[],legal_lawyer,tier2,0.85,0.0,False,,"Client status inferred as first_visit due to 'nueva clienta potencial'. Budget range inferred from explicit mention of 11K flexible. Profession inferred as legal_lawyer from 'jueza tribunal superior justicia'. Dietary preference explicitly mentioned as vegetarian. No allergies mentioned. No specific products or brands mentioned, only general description of professional elegant bags.",mistral-medium-latest,0.0,,,2,CA_229,False,
,,"['gift_for_child', 'leather_goods', 'vegetarian', 'graduation_gift']",[],[],['Stockholm'],['Nobel Symposium'],[],20K-50K,17000.0,51000.0,inferred,,regular,[],low,['vegetarian'],"{'gift_for': ['child'], 'shopping_with': []}",[],['graduation'],,,,,[],{},{},{},[],,tier2,0.85,0.0,False,,"Budget inferred from flexible range and VIC status, professions identified, dietary preferences noted, no allergies mentioned, event and location extracted from context.",mistral-medium-latest,0.0,,,2,CA_230,False,
,,"['latex_allergy', 'ready_to_wear', 'leather_goods', 'vegetarian']",['sac professionnel moderne'],[],[],[],[],5K-10K,5000.0,7000.0,explicit,,first_visit,['latex_allergy'],high,['vegetarian'],"{'gift_for': [], 'shopping_with': []}",[],[],,,,,[],{},{},{},[],communication_corporate,tier2,0.85,0.0,False,,"Budget explicite, profession identifiée, allergie détectée avec sévérité, régime alimentaire mentionné, contexte professionnel détaillé",mistral-medium-latest,0.0,,,2,CA_231,False,'coroutine' object is not iterable
,,"['gift_for_child', 'retirement_gift', 'shopping_with_spouse', 'pescatarian', 'gift_for_friend', 'travel_luggage', 'gift_for_spouse', 'leather_goods', 'art_collector', 'travel_frequent']",[],[],[],['retirement celebration'],[],50K+,50000.0,,inferred,,vip,[],low,['pescatarian'],"{'gift_for': ['spouse', 'child', 'friend'], 'shopping_with': ['spouse']}",[],"['retirement', 'wedding_anniversary']",,,,,[],{},{},{},[],retired_ceo,tier2,0.95,0.0,False,,VIP clients with significant wealth and a combined budget of 30K which is extremely flexible. They have a history of major purchases and a deep appreciation for heritage and quality. The context includes multiple gift-giving opportunities and a major retirement celebration event.,mistral-medium-latest,0.0,,,2,CA_232,False,
,,[],[],[],[],[],[],5K-10K,,,,8000.0,,[],low,[],"{'gift_for': [], 'shopping_with': []}",[],[],,,,,[],{},{},{},[],,tier1,0.75,1.1279582977294922,False,,,,0.0,,female,1,CA_233,False,
,,[],[],[],[],[],[],,,,,,,[],low,[],"{'gift_for': [], 'shopping_with': []}",[],[],,,,,[],{},{},{},[],,tier1,0.6,1.1715888977050781,False,,,,0.0,,female,1,CA_234,False,
,,['leather_goods'],[],[],[],[],[],5K-10K,,,,8000.0,,[],low,[],"{'gift_for': [], 'shopping_with': []}",[],[],,,,,[],{},{},{},[],,tier1,0.8,1.2066364288330078,False,,,,0.0,,,1,CA_235,False,
,,"['travel_luggage', 'shopping_with_spouse', 'tech_engineer', 'vegetarian']",['sac voyage professionnel'],[],[],[],[],5K-10K,5000.0,7000.0,explicit,,first_visit,['dust_mite_allergy'],high,['vegetarian'],"{'gift_for': [], 'shopping_with': ['spouse']}",[],[],,2024-05-01,,,[],{},{},{},[],tech_engineer,tier2,0.85,0.0,False,,"Budget explicite, profession et allergie détectées, contexte client détaillé mais pas d'urgence ou d'occasion spécifique",mistral-medium-latest,0.0,,,2,CA_236,False,'coroutine' object is not iterable
,,"['philanthropist', 'shopping_with_spouse', 'pescatarian', 'gift_for_children', 'gift_for_spouse', 'gift_for_grandchildren', 'leather_goods', 'travel_frequent']",[],[],[],"['private preview', 'galas']",[],20K-50K,20000.0,50000.0,inferred,,vip,[],low,['pescatarian'],"{'gift_for': ['spouse', 'children', 'grandchildren'], 'shopping_with': ['spouse']}",[],['wedding_anniversary'],,2024-10-01,275.0,,[],{},{},{},[],,tier2,0.95,0.0,False,,"VIP clients with specific professions, clear occasion, inferred budget range, and future event date mentioned.",mistral-medium-latest,0.0,,,2,CA_237,False,
,,"['vegetarian', 'leather_goods', 'art_collector', 'travel_frequent']",['borse eleganti'],[],[],['opening night'],[],10K-20K,8000.0,12000.0,explicit,,regular,[],low,['vegetarian'],"{'gift_for': [], 'shopping_with': []}",[],[],,,,,[],{},{},{},[],theater_director,tier2,0.85,0.0,False,,"Budget explicite, client régulier, pas de date précise, pas d'urgence, pas de cadeau spécifique",mistral-medium-latest,0.0,,,2,CA_238,False,
,,"['ready_to_wear', 'vegetarian', 'travel_luggage', 'leather_goods', 'travel_frequent']","['bolsos profesionales', 'travel_luggage']",[],"['Londres', 'Nueva York', 'Dubái']",[],[],10K-20K,12000.0,18000.0,explicit,,potential_vip,[],low,['vegetarian'],"{'gift_for': [], 'shopping_with': []}",[],[],,2024-05-01,90.0,,[],{},{},{},[],consultant_strategy,tier2,0.85,0.0,False,,"Cliente potencial VIC con presupuesto explícito y detalles profesionales claros. Información completa sobre estilo de vida y preferencias, pero sin eventos específicos o regalos mencionados.",mistral-medium-latest,0.0,,,2,CA_239,False,
,,"['vegetarian', 'shopping_with_spouse', 'gift_for_spouse', 'leather_goods', 'art_collector', 'travel_frequent']",[],[],[],[],[],20K-50K,15000.0,50000.0,inferred,,vic,[],low,['vegetarian'],"{'gift_for': ['spouse'], 'shopping_with': ['spouse']}",[],['wedding_anniversary'],,,,,[],{},{},{},[],entrepreneur_established,tier2,0.85,0.0,False,,"VIC status with inferred budget range due to flexible budget mention. Detailed professional background and lifestyle preferences extracted. No specific products or brands mentioned, but clear occasion and dietary preferences noted.",mistral-medium-latest,0.0,,,2,CA_240,False,
,,"['ready_to_wear', 'journalist', 'vegetarian', 'shopping_with_spouse', 'leather_goods', 'travel_frequent']",['sac professionnel discret'],[],[],[],[],5K-10K,5000.0,5500.0,explicit,,regular,['material_allergy'],high,['vegetarian'],"{'gift_for': [], 'shopping_with': ['spouse']}",[],[],,,,,[],{},{},{},[],journalist,tier2,0.85,0.0,False,,"Budget explicite, profession et régime alimentaire mentionnés, allergie détectée avec sévérité, contexte professionnel détaillé",mistral-medium-latest,0.0,,,2,CA_241,False,'coroutine' object is not iterable
,,"['gift_for_child', 'vegetarian', 'gift_for_grandchild', 'shopping_with_spouse', 'art_collector', 'travel_frequent']",[],[],['Silicon Valley'],['family celebration'],[],50K+,50000.0,,inferred,,vip,[],low,['vegetarian'],"{'gift_for': ['child', 'grandchild'], 'shopping_with': ['spouse']}",[],['wedding_anniversary'],,,,,[],{},{},{},[],tech_executive,tier2,0.95,0.0,False,,"VIP clients with significant wealth and flexible budget. Detailed information on professions, lifestyle, and family. High confidence due to comprehensive client history and clear context.",mistral-medium-latest,0.0,,,2,CA_242,False,
,,[],[],[],[],[],[],10K-20K,,,,9000.0,,['nickel_allergy'],low,[],"{'gift_for': [], 'shopping_with': []}",[],[],,,,,[],{},{},{},[],,tier1,0.8,1.5020370483398438,False,,,,0.0,,female,1,CA_243,False,
,,"['pescatarian', 'travel_frequent', 'leather_goods', 'gift_for_self']",['bolsos profesionales'],[],[],['congresos gestión sanitaria mundial'],[],10K-20K,10000.0,20000.0,inferred,,first_visit,[],low,['pescatarian'],"{'gift_for': ['self'], 'shopping_with': []}",[],[],,2024-06-01,153.0,,[],{},{},{},[],medical_executive,tier2,0.85,0.0,False,,"Cliente potencial nuevo con presupuesto inferido basado en perfil ejecutivo médico. Información detallada sobre profesión y estilo de vida, pero sin detalles específicos sobre productos exactos o marcas mencionadas.",mistral-medium-latest,0.0,,,2,CA_244,False,
,,['leather_goods'],[],[],[],[],[],5K-10K,,,,8000.0,,[],low,[],"{'gift_for': [], 'shopping_with': []}",[],[],,,,,[],{},{},{},[],,tier1,0.8,1.1165142059326172,False,,,,0.0,,,1,CA_245,False,
,,"['travel_luggage', 'shopping_with_spouse', 'vegetarian']",['sac voyage professionnel'],[],[],[],[],5K,5000.0,5000.0,explicit,,first_visit,['wifi_allergy'],medium,['vegetarian'],"{'gift_for': [], 'shopping_with': ['spouse']}",[],[],,2024-07-01,,,[],{},{},{},[],tech_executive,tier2,0.85,0.0,False,,"Budget explicite, profession et allergie détectées, contexte client clair mais pas d'urgence ou d'occasion spécifique",mistral-medium-latest,0.0,,,2,CA_246,False,
,,"['gift_for_child', 'philanthropist', 'vegetarian', 'legal_corporate', 'gift_for_colleague', 'leather_goods', 'travel_frequent']",[],[],['MIT'],['MIT symposium machine learning'],[],20K-50K,20000.0,50000.0,inferred,,vip,[],low,['vegetarian'],"{'gift_for': ['child', 'colleague'], 'shopping_with': []}",[],['graduation'],,2024-11-01,,,[],{},{},{},[],dean_engineering_school,tier2,0.91,0.0,False,,VIP clients with explicit flexible budget and clear context of shopping for spring collection and gifts. Detailed professional and lifestyle information provided.,mistral-medium-latest,0.0,,,2,CA_247,False,
,,[],[],[],[],[],[],5K-10K,,,,6000.0,,[],low,[],"{'gift_for': [], 'shopping_with': []}",[],[],,,,,[],{},{},{},[],,tier1,0.75,1.1665821075439453,False,,,,0.0,,female,1,CA_248,False,
,,[],[],[],[],[],[],,,,,,,[],low,['vegetarian'],"{'gift_for': [], 'shopping_with': []}",[],[],,,,,[],{},{},{},[],,tier1,0.6,1.0123252868652344,False,,,,0.0,,female,1,CA_249,False,
,,"['vegetarian', 'gift_for_friends', 'gift_for_family', 'leather_goods', 'travel_frequent']",[],[],"['Hannover', 'Chicago', 'Tokyo']",[],[],10K-20K,14400.0,21600.0,inferred,,vip,[],low,['vegetarian'],"{'gift_for': ['family', 'friends'], 'shopping_with': []}",[],"['birthday', 'wedding_anniversary']",,,,,[],{},{},{},[],entrepreneur_established,tier2,0.85,0.0,False,,Budget inferred from VIC status and flexible mention. Client status inferred from long-term loyalty and high budget. Vegetarian dietary preference explicitly mentioned. No allergies reported. Multiple gift occasions and recipients identified. Locations and professions extracted from context.,mistral-medium-latest,0.0,,,2,CA_250,False,
,,"['ready_to_wear', 'vegan', 'shopping_with_spouse', 'wine_enthusiast', 'leather_goods']",['sac professionnel moderne'],[],[],[],[],5K-10K,5000.0,7000.0,explicit,,new_client,['chemical_allergy'],medium,['vegan'],"{'gift_for': [], 'shopping_with': ['spouse']}",[],[],,2024-08-01,,,[],{},{},{},[],directrice_innovation_R&D,tier2,0.85,0.0,False,,"Budget explicite, profession et statut client clairs, allergie et régime mentionnés, contexte professionnel détaillé",mistral-medium-latest,0.0,,,2,CA_251,False,
,,"['gift_for_child', 'vegan', 'gift_for_grandchild', 'shopping_with_spouse', 'art_collector', 'travel_frequent']",[],[],"['San Francisco', 'Boston', 'Cambridge']",['biotech gala'],[],20K-50K,20000.0,50000.0,inferred,,vip,[],low,['vegan'],"{'gift_for': ['child', 'grandchild'], 'shopping_with': ['spouse']}",[],[],,,,,[],{},{},{},[],venture_capitalist,tier2,0.85,0.0,False,,VIP clients with considerable budget inferred from context. Detailed professional and lifestyle information provided. Specific locations and events mentioned. Dietary preferences noted. No allergies mentioned. Shopping context and gift opportunities identified.,mistral-medium-latest,0.0,,,2,CA_252,False,
,,[],[],[],[],[],[],5K-10K,,,,7000.0,,[],low,['vegetarian'],"{'gift_for': [], 'shopping_with': []}",[],[],,,,,[],{},{},{},[],,tier1,0.75,0.8263587951660156,False,,,,0.0,,female,1,CA_253,False,
,,"['ready_to_wear', 'shopping_with_children', 'vegetarian', 'shopping_with_spouse', 'gift_for_colleague', 'art_collector', 'travel_frequent']",[],[],"['Viena', 'Berlin', 'New York']",[],[],10K-20K,12000.0,24000.0,explicit,,vip,[],low,['vegetarian'],"{'gift_for': ['colleague'], 'shopping_with': ['spouse', 'children']}",[],[],,2024-09-01,,,[],{},{},{},[],director_orchestra,tier2,0.85,0.0,False,,"Client VIP avec budget explicite et flexible, informations détaillées sur le style et les préférences, mais pas de produits spécifiques mentionnés.",mistral-medium-latest,0.0,,,2,CA_254,False,
,,['leather_goods'],[],[],[],[],[],5K-10K,,,,8000.0,,[],low,[],"{'gift_for': [], 'shopping_with': []}",[],[],,,,,[],{},{},{},[],,tier1,0.8,1.463174819946289,False,,,,0.0,,,1,CA_255,False,
,,"['travel_luggage', 'shopping_with_spouse', 'leather_goods', 'vegetarian']",['sac voyage professionnel'],[],[],[],[],5K-10K,5000.0,5500.0,explicit,,first_visit,['sun_allergy'],medium,['vegetarian'],"{'gift_for': [], 'shopping_with': ['spouse']}",[],[],,2024-09-01,154.0,,[],{},{},{},[],creative_designer,tier2,0.85,0.0,False,,"Budget explicite, profession et statut client inférés, allergie détectée, contexte professionnel et personnel détaillé",mistral-medium-latest,0.0,,,2,CA_256,False,
,,"['pescatarian', 'gift_for_colleague', 'leather_goods', 'travel_frequent']",[],[],[],"['private preview', 'fundraising galas']",[],20K-50K,22000.0,66000.0,inferred,,vic,[],low,['pescatarian'],"{'gift_for': ['colleague'], 'shopping_with': []}",[],[],,2024-11-01,,,[],{},{},{},[],medical_physician,tier2,0.85,0.0,False,,VIC status with inferred budget range based on flexibility mentioned. Professional context in healthcare with specific dietary preferences. No allergies mentioned. Future event date extracted for follow-up.,mistral-medium-latest,0.0,,,2,CA_257,False,
,,"['ready_to_wear', 'shopping_with_spouse', 'pescatarian', 'gift_for_colleague', 'art_collector', 'travel_frequent']",[],[],"['Milano', 'Parigi']","['fashion shows', 'runway events', 'fashion weeks']",[],20K-50K,20000.0,50000.0,inferred,,vip,['fabric_allergy'],medium,['pescatarian'],"{'gift_for': ['colleague'], 'shopping_with': ['spouse']}",[],[],,2024-09-01,154.0,,[],{},{},{},[],creative_designer,tier2,0.85,0.0,False,,"VIP client with flexible budget inferred from context. Specific details about profession, lifestyle, and preferences provided. Allergy severity assumed medium due to lack of specific severity mention.",mistral-medium-latest,0.0,,,2,CA_258,False,
,,[],[],[],[],[],[],,,,,,,[],low,[],"{'gift_for': [], 'shopping_with': []}",[],[],,,,,[],{},{},{},[],,tier1,0.6,1.2669563293457031,False,,,,0.0,,female,1,CA_259,False,
,,"['pescatarian', 'gift_for_friend', 'gift_for_spouse', 'leather_goods', 'art_collector', 'travel_frequent']",[],[],[],['American Heart Association'],[],20K-50K,20000.0,50000.0,inferred,,vic,[],low,['pescatarian'],"{'gift_for': ['spouse', 'friend'], 'shopping_with': []}",[],['wedding_anniversary'],,,,,[],{},{},{},[],medical_physician,tier2,0.85,0.0,False,,VIC status with inferred budget range due to flexibility mentioned. Specific professions and dietary preferences extracted. Occasion and gift context identified. No specific products or brands mentioned. Travel and event details noted.,mistral-medium-latest,0.0,,,2,CA_260,False,
,,['leather_goods'],[],[],[],[],[],2K-5K,,,,6000.0,,[],low,['vegan'],"{'gift_for': [], 'shopping_with': []}",[],[],,,,,[],{},{},{},[],,tier1,0.8,0.8831024169921875,False,,,,0.0,,female,1,CA_261,False,
,,"['gift_for_child', 'gift_for_colleague', 'vegetarian', 'travel_frequent']",[],[],[],['private preview'],[],20K-50K,20000.0,60000.0,inferred,,vip,[],low,['vegetarian'],"{'gift_for': ['child', 'colleague'], 'shopping_with': []}",[],['christmas'],,2024-12-01,300.0,,[],{},{},{},[],legal_lawyer,tier2,0.85,0.0,False,,"VIP clients with a combined budget of 21K which is very flexible. They are shopping for the spring collection and gifts for law graduates and mentees. They have a legal background and are involved in legal education and justice. No allergies mentioned. They are vegetarians. They have three adult children and six grandchildren, indicating frequent gift opportunities. They are deeply appreciated in the legal and academic community and are involved in legal education charities.",mistral-medium-latest,0.0,,,2,CA_262,False,
,,[],[],[],[],[],[],5K-10K,,,,6000.0,,[],low,[],"{'gift_for': [], 'shopping_with': []}",[],[],,,,,[],{},{},{},[],,tier1,0.75,0.9012222290039062,False,,,,0.0,,female,1,CA_263,False,
,,[],[],[],[],[],[],,,,,,,[],low,['vegetarian'],"{'gift_for': [], 'shopping_with': []}",[],[],,,,,[],{},{},{},[],,tier1,0.6,1.0788440704345703,False,,,,0.0,,female,1,CA_264,False,
,,['leather_goods'],[],[],[],[],[],5K-10K,,,,8000.0,,[],low,[],"{'gift_for': [], 'shopping_with': []}",[],[],,,,,[],{},{},{},[],,tier1,0.8,2.027750015258789,False,,,,0.0,,,1,CA_265,False,
,,"['vegetarian', 'leather_goods', 'travel_frequent']",['sac professionnel discret'],[],[],[],[],5K-10K,5600.0,8400.0,explicit,,first_visit,[],low,['vegetarian'],"{'gift_for': [], 'shopping_with': []}",[],[],,2023-11-01,,,[],{},{},{},[],finance_trader,tier2,0.85,0.0,False,,"Budget explicite, profession claire, régime alimentaire et sport mentionnés, pas d'urgence ni d'occasion spécifique",mistral-medium-latest,0.0,,,2,CA_266,False,
,,[],,,,,,,,,,,,,,,,,,,,,,,,,,,,,0.0,,,'coroutine' object is not iterable,,,,,,3,CA_267,,
,,"['ready_to_wear', 'pescatarian', 'travel_luggage', 'leather_goods', 'travel_frequent']",['borse professionali'],[],[],"['corporate eventi', 'lancio prodotti', 'presentazioni']",[],5K-10K,7500.0,12500.0,explicit,,regular,[],low,['pescatarian'],"{'gift_for': [], 'shopping_with': []}",[],[],,,,,[],{},{},{},[],tech_executive,tier2,0.85,0.0,False,,"Budget explicite, client régulier, profession tech executive, régime pescatarian, pas d'allergies, contexte professionnel détaillé",mistral-medium-latest,0.0,,,2,CA_268,False,
,,[],[],[],[],[],[],,,,,,,[],low,['vegetarian'],"{'gift_for': [], 'shopping_with': []}",[],[],,,,,[],{},{},{},[],,tier1,0.6,1.0459423065185547,False,,,,0.0,,female,1,CA_269,False,
,,"['gift_for_child', 'vegetarian', 'professor', 'travel_luggage', 'graduation_gift', 'leather_goods', 'travel_frequent']",[],[],['Stockholm'],['Nobel Symposium'],[],20K-50K,19000.0,38000.0,inferred,,vip,[],low,['vegetarian'],"{'gift_for': ['child'], 'shopping_with': []}",[],['graduation'],,,,,[],{},{},{},[],professor,tier2,0.85,0.0,False,,VIP clients with high academic professions and specific interests. Budget inferred from 'flexible' and VIP status. No specific products mentioned but clear context for graduation gifts.,mistral-medium-latest,0.0,,,2,CA_270,False,
,,"['ready_to_wear', 'leather_goods', 'vegetarian']",['sac professionnel moderne'],[],[],[],[],5K-10K,5000.0,5500.0,explicit,,first_visit,[],low,['vegetarian'],"{'gift_for': [], 'shopping_with': []}",[],[],,,,,[],{},{},{},[],tech_executive,tier2,0.85,0.0,False,,"Budget explicite, profession identifiée, régime alimentaire et statut client clairement mentionnés. Pas de date ou d'urgence détectée.",mistral-medium-latest,0.0,,,2,CA_271,False,
,,"['gift_for_child', 'ready_to_wear', 'valentines_gift', 'mothers_day', 'shopping_with_spouse', 'pescatarian', 'gift_for_friend', 'fathers_day', 'graduation_gift', 'travel_luggage', 'art_collector', 'travel_frequent']",[],[],[],['retirement celebration'],[],50K+,50000.0,,inferred,,vip,[],low,['pescatarian'],"{'gift_for': ['child', 'friend'], 'shopping_with': ['spouse']}",[],"['wedding_anniversary', 'birthday', 'graduation', 'christmas', 'valentines', 'mothers_day', 'fathers_day', 'new_year']",,,,,[],{},{},{},[],entrepreneur_established,tier2,0.85,0.0,False,,VIP clients with considerable wealth and flexible budget. Multiple occasions and gift opportunities mentioned. Detailed lifestyle and professional background provided.,mistral-medium-latest,0.0,,,2,CA_272,False,
,,[],[],[],[],[],[],5K-10K,,,,8000.0,,[],low,[],"{'gift_for': [], 'shopping_with': []}",[],[],,,,,[],{},{},{},[],,tier1,0.75,0.8795261383056641,False,,,,0.0,,female,1,CA_273,False,
,,[],[],[],[],[],[],,,,,,,[],low,['vegetarian'],"{'gift_for': [], 'shopping_with': []}",[],[],,,,,[],{},{},{},[],,tier1,0.6,1.020669937133789,False,,,,0.0,,female,1,CA_274,False,
,,"['jewelry', 'leather_goods', 'shoes']",[],[],[],[],[],10K-20K,,,,9000.0,,['latex_allergy'],low,[],"{'gift_for': [], 'shopping_with': []}",[],[],,,,,[],{},{},{},[],,tier1,0.95,0.9853839874267578,False,,,,0.0,,,1,CA_275,False,
,,"['gluten_free', 'shopping_with_spouse', 'travel_luggage', 'vegetarian']",['sac voyage professionnel'],[],['Silicon Valley'],[],[],5K-10K,4000.0,6000.0,explicit,,first_visit,['gluten_free'],high,['vegetarian'],"{'gift_for': [], 'shopping_with': ['spouse']}",[],[],,,,,[],{},{},{},[],tech_executive,tier2,0.85,0.0,False,,"Budget explicite, profession et statut client inférés, allergie et régime détectés, contexte professionnel et lifestyle tech détaillé",mistral-medium-latest,0.0,,,2,CA_276,False,'coroutine' object is not iterable
,,"['gift_for_spouse', 'pescatarian', 'travel_frequent']",[],[],[],"['private preview', 'fundraising galas']",[],20K-50K,21000.0,42000.0,inferred,,vip,[],low,['pescatarian'],"{'gift_for': ['spouse'], 'shopping_with': []}",[],['wedding_anniversary'],,,,,[],{},{},{},[],"medical_surgeon, medical_physician",tier2,0.92,0.0,False,,VIP clients with specific professions and detailed context. Budget inferred from VIP status and mentioned flexibility. Clear occasion and dietary preferences. High confidence due to detailed client history and specific needs.,mistral-medium-latest,0.0,,,2,CA_277,False,
,,"['ready_to_wear', 'pescatarian', 'travel_luggage', 'watches', 'art_collector', 'travel_frequent']","['borse viaggio', 'abbigliamento business elegante']",[],"['Milano', 'Parigi']",['Pitti'],[],20K-50K,18000.0,60000.0,inferred,,vip,[],low,['pescatarian'],"{'gift_for': [], 'shopping_with': []}",[],[],,,,,[],{},{},{},[],tech_executive,tier2,0.85,0.0,False,,"VIP client with flexible budget, specific product needs, and detailed lifestyle information. No specific date or urgency mentioned.",mistral-medium-latest,0.0,,,2,CA_278,False,
,,[],[],[],[],[],[],,,,,,,[],low,['vegetarian'],"{'gift_for': [], 'shopping_with': []}",[],[],,,,,[],{},{},{},[],,tier1,0.6,1.6016960144042969,False,,,,0.0,,female,1,CA_279,False,
,,"['ready_to_wear', 'vegetarian', 'shopping_with_spouse', 'gift_for_friend', 'gift_for_spouse', 'gift_for_family', 'leather_goods', 'travel_frequent']",[],[],['Lissabon'],['Web Summit'],[],20K-50K,18000.0,54000.0,inferred,,vic,[],low,['vegetarian'],"{'gift_for': ['spouse', 'friend', 'family'], 'shopping_with': ['spouse']}",[],['wedding_anniversary'],this_month,2024-02-01,30.0,,[],{},{},{},[],tech_executive,tier2,0.85,0.0,False,,VIC clients with flexible budget and specific occasion. Detailed professional background and lifestyle preferences provided. Some inference required for budget range and specific products.,mistral-medium-latest,0.0,,,2,CA_280,False,
,,"['nickel_allergy', 'shopping_with_spouse', 'leather_goods', 'vegetarian']",['sac travail'],[],[],[],[],5K-10K,5000.0,7000.0,explicit,,first_visit,['nickel_allergy'],high,['vegetarian'],"{'gift_for': [], 'shopping_with': ['spouse']}",[],[],,2024-02-01,,,[],{},{},{},[],creative_designer,tier2,0.85,0.0,False,,"Budget explicite, profession et allergie clairement mentionnées, contexte professionnel détaillé mais pas d'occasion spécifique ni d'urgence",mistral-medium-latest,0.0,,,2,CA_281,False,'coroutine' object is not iterable
,,"['vegetarian', 'shopping_with_spouse', 'gift_for_grandchildren', 'leather_goods', 'travel_frequent']",[],[],[],['private preview'],[],20K-50K,20000.0,60000.0,inferred,,vip,[],low,['vegetarian'],"{'gift_for': ['grandchildren'], 'shopping_with': ['spouse']}",[],['retirement'],,2024-02-01,,,[],{},{},{},[],academic_leadership,tier2,0.85,0.0,False,,"VIP clients with a combined budget of 24K which is very flexible, inferred to a higher range. No specific products mentioned but interest in spring collection. No allergies and both are vegetarians. Shopping for retirement celebrations and potential gifts for grandchildren. Follow-up planned for February for an exclusive private preview.",mistral-medium-latest,0.0,,,2,CA_282,False,
,,[],[],[],[],[],[],5K-10K,,,,7000.0,,[],low,['vegetarian'],"{'gift_for': [], 'shopping_with': []}",[],[],,,,,[],{},{},{},[],,tier1,0.75,0.9429454803466797,False,,,,0.0,,female,1,CA_283,False,
,,"['travel_luggage', 'ready_to_wear', 'leather_goods', 'vegetarian']",['bolsos profesionales'],[],[],[],[],10K-20K,11000.0,22000.0,inferred,,first_visit,[],low,['vegetarian'],"{'gift_for': [], 'shopping_with': []}",[],[],,2024-02-01,,,[],{},{},{},[],entrepreneur_established,tier2,0.85,0.0,False,,"Cliente potencial alto con presupuesto flexible y preferencias claras, pero sin detalles específicos sobre productos exactos o fechas concretas.",mistral-medium-latest,0.0,,,2,CA_284,False,
,,['leather_goods'],[],[],[],[],[],5K-10K,,,,8000.0,,[],low,[],"{'gift_for': [], 'shopping_with': []}",[],[],,,,,[],{},{},{},[],,tier1,0.8,1.0089874267578125,False,,,,0.0,,,1,CA_285,False,
,,"['vegetarian', 'nut_allergy', 'shopping_with_spouse', 'tech_engineer', 'travel_luggage', 'leather_goods']",['sac travail robuste'],[],[],[],[],5K-10K,5000.0,7000.0,explicit,,first_visit,['dust_allergy'],high,['vegetarian'],"{'gift_for': [], 'shopping_with': ['spouse']}",[],[],,2024-03-01,,,[],{},{},{},[],tech_engineer,tier2,0.85,0.0,False,,"Budget explicite, profession et allergie détectées, contexte professionnel clair",mistral-medium-latest,0.0,,,2,CA_286,False,'coroutine' object is not iterable
,,"['gift_for_child', 'philanthropist', 'vegetarian', 'shopping_with_spouse', 'gift_for_spouse', 'travel_frequent']",[],[],[],"['private_preview', 'fundraising_galas']",[],20K-50K,19000.0,57000.0,inferred,,vip,[],low,['vegetarian'],"{'gift_for': ['spouse', 'child'], 'shopping_with': ['spouse']}",[],['wedding_anniversary'],,,,,[],{},{},{},[],,tier2,0.85,0.0,False,,VIP clients with specific professions and dietary preferences. Budget inferred from VIP status and mentioned flexibility. Multiple gift recipients and occasions identified. No specific products or brands mentioned.,mistral-medium-latest,0.0,,,2,CA_287,False,
,,"['ready_to_wear', 'shopping_with_spouse', 'pescatarian', 'wine_enthusiast', 'travel_luggage', 'leather_goods', 'art_collector', 'travel_frequent', 'shoes']",[],[],[],[],[],20K-50K,20000.0,60000.0,inferred,,vip,[],low,['pescatarian'],"{'gift_for': [], 'shopping_with': ['spouse']}",[],[],,,,,[],{},{},{},[],tech_executive,tier2,0.85,0.0,False,,"VIP client with inferred budget range based on flexibility and status. Detailed lifestyle and professional context provided, but no specific products or events mentioned.",mistral-medium-latest,0.0,,,2,CA_288,False,
,,"['ready_to_wear', 'vegan', 'gift_for_artist', 'latex_allergy', 'art_collector', 'travel_frequent']",[],[],"['Basel', 'Frieze', 'Art Basel Miami Beach']",['private presentation'],[],20K-50K,20000.0,50000.0,inferred,,vip,['latex_allergy'],high,['vegan'],"{'gift_for': ['artist'], 'shopping_with': []}",[],['wedding_anniversary'],,,,,[],{},{},{},[],director_fondation_art,tier2,0.95,0.0,False,,"VIP client with high budget flexibility, clear lifestyle and dietary preferences, specific allergy mentioned, and strong professional background in the art world.",mistral-medium-latest,0.0,,,2,CA_289,False,'coroutine' object is not iterable
,,"['gift_for_child', 'vegetarian', 'shopping_with_spouse', 'professor', 'graduation_gift', 'leather_goods', 'art_collector', 'travel_frequent']",[],[],['Cold Spring Harbor Laboratory USA'],['Symposium'],[],20K-50K,19000.0,28500.0,inferred,,vip,[],low,['vegetarian'],"{'gift_for': ['child'], 'shopping_with': ['spouse']}",[],['graduation'],this_month,2024-03-15,15.0,,[],{},{},{},[],professor,tier2,0.85,0.0,False,,VIP clients with a flexible budget and specific interests in biology-related materials. Urgency inferred from the mention of spring collection preview and upcoming events.,mistral-medium-latest,0.0,,,2,CA_290,False,
,,"['latex_allergy', 'ready_to_wear', 'leather_goods', 'vegetarian']",['sac professionnel moderne'],[],[],[],[],5K-10K,5000.0,7000.0,explicit,,first_visit,['latex_allergy'],medium,['vegetarian'],"{'gift_for': [], 'shopping_with': []}",[],[],,,,,[],{},{},{},[],finance_banker,tier2,0.85,0.0,False,,"Budget explicite, profession et allergie détectées, pas de date ou d'occasion mentionnée",mistral-medium-latest,0.0,,,2,CA_291,False,
,,"['gift_for_child', 'ready_to_wear', 'retirement_gift', 'shopping_with_spouse', 'pescatarian', 'gift_for_friend', 'jewelry', 'gift_for_spouse', 'gift_for_colleague', 'leather_goods', 'travel_frequent']",[],[],[],['retirement celebration'],[],50K+,50000.0,,inferred,,vip,[],low,['pescatarian'],"{'gift_for': ['spouse', 'child', 'friend', 'colleague'], 'shopping_with': ['spouse']}",[],['retirement'],,,,,[],{},{},{},[],legal_lawyer,tier2,0.95,0.0,False,,"VIP clients with considerable wealth and a combined budget of 28K which is extremely flexible. They are retired senior partners from a law firm, indicating a high social and professional status. Their interests and preferences are well-detailed, including travel, fashion preferences, and dietary habits. The context provides a rich background for personalized service and future interactions.",mistral-medium-latest,0.0,,,2,CA_292,False,
,,[],[],[],[],[],[],10K-20K,,,,9000.0,,[],low,[],"{'gift_for': [], 'shopping_with': []}",[],[],,,,,[],{},{},{},[],,tier1,0.75,1.0342597961425781,False,,,,0.0,,female,1,CA_293,False,
,,"['ready_to_wear', 'pescatarian', 'travel_luggage', 'leather_goods', 'travel_frequent']",[],[],[],['congresos gestión hospitalaria mundial'],[],10K-20K,10000.0,20000.0,explicit,,first_visit,[],low,['pescatarian'],"{'gift_for': [], 'shopping_with': []}",[],[],,2024-04-01,,,[],{},{},{},[],medical_executive,tier2,0.85,0.0,False,,Client status inferred as first_visit due to 'nuevo cliente potencial'. Budget range inferred from explicit mention of 10K. Profession inferred as medical_executive due to 'director operaciones hospital'. Dietary preference explicitly mentioned as pescatarian. No allergies mentioned. No specific products or brands mentioned. Events inferred from 'viaja congresos gestión hospitalaria mundial'.,mistral-medium-latest,0.0,,,2,CA_294,False,
,,['leather_goods'],[],[],[],[],[],5K-10K,,,,8000.0,,[],low,[],"{'gift_for': [], 'shopping_with': []}",[],[],,,,,[],{},{},{},[],,tier1,0.8,0.9992122650146484,False,,,,0.0,,,1,CA_295,False,
,,"['shopping_with_spouse', 'leather_goods', 'vegetarian']",['sac travail'],[],[],[],[],5K-10K,5000.0,5500.0,explicit,,first_visit,['pollen_allergy'],high,['vegetarian'],"{'gift_for': [], 'shopping_with': ['spouse']}",[],[],,2024-05-01,,,[],{},{},{},[],architecte_paysagiste,tier2,0.85,0.0,False,,"Budget explicite, profession claire, allergie détectée avec sévérité, régime alimentaire mentionné, contexte professionnel détaillé",mistral-medium-latest,0.0,,,2,CA_296,False,'coroutine' object is not iterable
,,[],,,,,,,,,,,,,,,,,,,,,,,,,,,,,0.0,,,'coroutine' object is not iterable,,,,,,3,CA_297,,
,,"['ready_to_wear', 'pescatarian', 'wine_enthusiast', 'travel_luggage', 'travel_frequent']",['borse viaggio'],[],"['New York', 'Parigi', 'Tokyo']","['Salone del Gusto', 'Fancy Food']",[],10K-20K,10000.0,20000.0,explicit,,regular,[],low,['pescatarian'],"{'gift_for': [], 'shopping_with': []}",[],[],,,,,[],{},{},{},[],tech_executive,tier2,0.85,0.0,False,,Budget explicite + contexte professionnel détaillé + pas d'urgence détectée,mistral-medium-latest,0.0,,,2,CA_298,False,
,,[],[],[],[],[],[],,,,,,,[],low,['vegetarian'],"{'gift_for': [], 'shopping_with': []}",[],[],,,,,[],{},{},{},[],,tier1,0.6,1.8074512481689453,False,,,,0.0,,female,1,CA_299,False,
,,"['ready_to_wear', 'shopping_with_spouse', 'pescatarian', 'gift_for_spouse', 'leather_goods', 'travel_frequent']",[],[],"['Munich', 'Shanghai', 'Rotterdam']",['Silberhochzeit'],[],20K-50K,21000.0,52500.0,inferred,,vip,[],low,['pescatarian'],"{'gift_for': ['spouse'], 'shopping_with': ['spouse']}",[],['wedding_anniversary'],this_month,2024-04-15,15.0,,[],{},{},{},[],entrepreneur_established,tier2,0.92,0.0,False,,VIP clients with a flexible budget and specific occasion. Detailed professional and lifestyle information provided. Specific dietary preferences and no allergies mentioned. Urgency inferred from the planned event and follow-up timing.,mistral-medium-latest,0.0,,,2,CA_300,False,
,,"['gift_for_spouse', 'leather_goods', 'vegetarian']",['sac professionnel discret élégant'],[],['Nice'],['triathlon'],[],5K-10K,4800.0,7200.0,explicit,,first_visit,['fragrance_sensitivity'],high,['vegetarian'],"{'gift_for': ['spouse'], 'shopping_with': []}",[],['birthday'],,2024-04-15,45.0,,[],{},{},{},[],medical_dentist,tier2,0.85,0.0,False,,"Budget explicite, profession et statut client identifiés, allergie sévère détectée, occasion et date inférées, contexte familial et lifestyle partiel",mistral-medium-latest,0.0,,,2,CA_301,False,'coroutine' object is not iterable
,,"['gluten_free', 'vegan', 'shopping_with_spouse', 'art_collector', 'travel_frequent']",[],[],[],[],[],10K-20K,10000.0,20000.0,inferred,,first_visit,['gluten_allergy'],high,['vegan'],"{'gift_for': [], 'shopping_with': ['spouse']}",[],['wedding_anniversary'],,2024-07-01,,,[],{},{},{},[],medical_physician,tier2,0.85,0.0,False,,"First-time customers with high potential and a flexible budget. Specific details about their professions, hobbies, and dietary restrictions were provided. The anniversary date was inferred based on the mention of an annual anniversary in July.",mistral-medium-latest,0.0,,,2,CA_302,False,'coroutine' object is not iterable
,,[],[],[],[],[],[],,,,,,,[],low,['vegetarian'],"{'gift_for': [], 'shopping_with': []}",[],[],,,,,[],{},{},{},[],,tier1,0.6,0.9582042694091797,False,,,,0.0,,female,1,CA_303,False,
,,"['ready_to_wear', 'gift_for_parent', 'tech_engineer', 'leather_goods', 'art_collector', 'travel_frequent', 'shoes']",[],[],"['San Francisco', 'Tokyo', 'Singapore']",[],[],20K-50K,20000.0,50000.0,inferred,,first_visit,['penicillin_allergy'],medium,[],"{'gift_for': ['parent'], 'shopping_with': []}",[],['wedding_anniversary'],,2024-06-01,153.0,,[],{},{},{},[],tech_engineer,tier2,0.85,0.0,False,,Client status and budget inferred from context. Multiple relevant tags extracted including lifestyle and interests. Event date calculated based on current date and mentioned anniversary in June.,mistral-medium-latest,0.0,,,2,CA_304,False,
,,"['gift_for_child', 'vegetarian', 'professor', 'shopping_with_spouse', 'art_collector', 'travel_frequent']",[],[],['Greece'],['wedding'],[],20K-50K,22000.0,50000.0,inferred,,vic,[],low,['vegetarian'],"{'gift_for': ['child'], 'shopping_with': ['spouse']}",[],['wedding'],,,,,[],{},{},{},[],,tier2,0.85,0.0,False,,"VIC status with high budget flexibility mentioned, specific professions, dietary preferences, and travel interests. Wedding occasion inferred for daughter. No specific products or brands mentioned.",mistral-medium-latest,0.0,,,2,CA_305,False,
,,"['vegan', 'nut_allergy', 'gift_for_spouse', 'influencer', 'travel_frequent']",[],[],['Patagonie'],[],[],5K-10K,6400.0,9600.0,explicit,,first_visit,['nut_allergy'],high,['vegan'],"{'gift_for': ['spouse'], 'shopping_with': []}",[],[],today,2023-10-05,0.0,,[],{},{},{},[],influenceur,tier2,0.92,0.0,False,,Client VIC potentiel avec budget explicite et urgence critique détectée. Allergie sévère identifiée. Contexte professionnel et opportunités de partenariat clairement mentionnés.,mistral-medium-latest,0.0,,,2,CA_306,False,'coroutine' object is not iterable
,,[],,,,,,,,,,,,,,,,,,,,,,,,,,,,,0.0,,,'coroutine' object is not iterable,,,,,,3,CA_307,,
,,"['gift_for_child', 'vegetarian', 'shopping_with_spouse', 'lactose_intolerance', 'travel_luggage', 'leather_goods', 'art_collector', 'travel_frequent']",[],[],"['Torino', 'Francoforte', 'Bologna']",['Salone Libro Torino'],[],20K-50K,20000.0,50000.0,inferred,,vip,['lactose_intolerance'],medium,['vegetarian'],"{'gift_for': ['child'], 'shopping_with': ['spouse']}",[],['wedding_anniversary'],,,,,[],{},{},{},[],writer,tier2,0.85,0.0,False,,"VIP clients with a flexible budget and specific preferences. Detailed information about their professions, dietary restrictions, and travel habits. Mentions of specific events and locations.",mistral-medium-latest,0.0,,,2,CA_308,False,
,,[],,,,,,,,,,,,,,,,,,,,,,,,,,,,,0.0,,,'coroutine' object is not iterable,,,,,,3,CA_309,,
,,"['ready_to_wear', 'shopping_with_partner', 'gift_for_sister', 'gift_for_parents', 'vegan', 'art_collector', 'travel_frequent']",[],[],"['Berlin', 'Kopenhagen', 'Amsterdam']",[],[],20K-50K,24000.0,60000.0,inferred,,first_visit,[],low,['vegan'],"{'gift_for': ['sister', 'parents'], 'shopping_with': ['partner']}",[],"['wedding', 'wedding_anniversary']",today,,,,[],{},{},{},[],entrepreneur_startup,tier2,0.85,0.0,False,,Client status inferred as first_visit due to 'neuer Kunde'. Budget inferred as open for VIP. Multiple occasions and dietary preferences extracted. Travel locations and art collection noted.,mistral-medium-latest,0.0,,,2,CA_310,False,
,,"['pollen_allergy', 'vegetarian', 'travel_luggage', 'leather_goods', 'travel_frequent']",['sacs travail'],[],['Corse'],[],[],2K-5K,3600.0,5400.0,explicit,,regular,['pollen_allergy'],high,['vegetarian'],"{'gift_for': [], 'shopping_with': []}",[],[],,,,,[],{},{},{},[],architecte_paysagiste,tier2,0.85,0.0,False,,"Budget explicite, profession et statut client clairs, allergie sévère détectée, régime végétarien mentionné, pas de date ou d'urgence spécifiques",mistral-medium-latest,0.0,,,2,CA_311,False,'coroutine' object is not iterable
,,"['gift_for_child', 'travel_frequent', 'shopping_with_spouse', 'nut_allergy']","['travel pieces', 'work bags', 'complete handbag collection']",[],"['London', 'Paris', 'Silicon Valley']",['World Series of Poker'],[],50K+,50000.0,,inferred,,ultimate,['nut_allergy'],high,['vegan'],"{'gift_for': ['child'], 'shopping_with': ['spouse']}",[],[],this_week,,,,[],{},{},{},[],,tier2,0.95,0.0,False,,Ultra-high potential clients with explicit high budget indication and multiple product interests. Clear professional backgrounds and lifestyle details provided. High confidence due to detailed client description and explicit budget flexibility.,mistral-medium-latest,0.0,,,2,CA_312,False,'coroutine' object is not iterable
,,[],[],[],[],[],[],10K-20K,,,,9000.0,,[],low,[],"{'gift_for': [], 'shopping_with': []}",[],[],,,,,[],{},{},{},[],,tier1,0.75,0.8366107940673828,False,,,,0.0,,female,1,CA_313,False,
,,"['fragrance', 'shopping_with_spouse', 'pescatarian', 'gift_for_friend', 'wine_enthusiast', 'gift_for_family', 'leather_goods', 'art_collector', 'travel_frequent']",[],[],"['Rioja', 'Borgoña', 'Napa', 'Toscana', 'Nueva York']","['ARCO', 'wine_tasting']",[],20K-50K,20000.0,50000.0,inferred,,vip,['lactose_intolerance'],high,['pescatarian'],"{'gift_for': ['family', 'friend'], 'shopping_with': ['spouse']}",[],['spring_season'],,,,,[],{},{},{},[],wine_producer,tier2,0.85,0.0,False,,"VIP clients with a flexible budget and specific preferences. Detailed information about their professions, lifestyle, and dietary restrictions. Multiple locations and events mentioned.",mistral-medium-latest,0.0,,,2,CA_314,False,'coroutine' object is not iterable
,,"['gift_for_partner', 'vegetarian', 'art_collector', 'travel_frequent']",[],[],"['Mailand', 'Wien', 'New York', 'Sydney']",['Met Opera Premiere'],[],10K-20K,13000.0,26000.0,inferred,,first_visit,['food_coloring_allergy'],medium,['vegetarian'],"{'gift_for': ['partner'], 'shopping_with': []}",[],['birthday'],,2024-05,,,[],{},{},{},[],professional_singer,tier2,0.85,0.0,False,,"First visit with high potential, flexible budget discussed, frequent travel, specific dietary and allergy information, and gift context mentioned.",mistral-medium-latest,0.0,,,2,CA_315,False,
,,"['journalist', 'vegetarian', 'shopping_with_spouse', 'travel_luggage', 'leather_goods', 'travel_frequent']",['sac voyage'],['Leica'],[],[],[],2K-5K,3200.0,4800.0,explicit,,occasional,['iodine_allergy'],high,['vegetarian'],"{'gift_for': [], 'shopping_with': ['spouse']}",[],[],,,,,[],{},{},{},[],journalist,tier2,0.85,0.0,False,,"Budget explicite, profession et contexte voyage clair, allergie sévère détectée, informations client complètes",mistral-medium-latest,0.0,,,2,CA_316,False,'coroutine' object is not iterable
,,"['philanthropist', 'vegetarian', 'shopping_with_spouse', 'professor', 'wine_enthusiast', 'gift_for_spouse', 'art_collector', 'travel_frequent']",[],[],"['Italy', 'Edinburgh', 'Hay', 'Cambridge', 'Copenhagen']","['literary festivals', 'sabbatical year', 'private preview']",[],20K-50K,20000.0,50000.0,inferred,,vip,[],low,['vegetarian'],"{'gift_for': ['spouse'], 'shopping_with': ['spouse']}",[],['wedding_anniversary'],,,,,[],{},{},{},[],professor,tier2,0.95,0.0,False,,"VIP clients with a combined budget of 19K very flexible, indicating a higher budget range. Clear occasion of wedding anniversary and specific interests in cultural and historical items. Detailed professional and personal backgrounds provided, with no allergies mentioned.",mistral-medium-latest,0.0,,,2,CA_317,False,
,,"['gift_for_spouse', 'pescatarian', 'vegetarian', 'travel_frequent']",[],[],[],[],[],5K-10K,5600.0,8400.0,explicit,,first_visit,[],low,"['vegetarian', 'pescatarian']","{'gift_for': ['spouse'], 'shopping_with': []}",[],['wedding_anniversary'],,,,,[],{},{},{},[],chef,tier2,0.85,0.0,False,,Client potentiel excellent avec budget explicite et contexte détaillé sur la profession et les préférences alimentaires. Pas de date spécifique mentionnée.,mistral-medium-latest,0.0,,,2,CA_318,False,
,,"['gift_for_child', 'vegan', 'latex_allergy', 'leather_goods', 'art_collector', 'travel_frequent']",[],[],"['Miami', 'Basel', 'Hong Kong', 'Paris']","['art_fairs', 'gallery_openings']",[],10K-20K,10000.0,20000.0,inferred,,vip,['latex_allergy'],low,['vegan'],"{'gift_for': ['child'], 'shopping_with': []}",[],['wedding_anniversary'],,,,,[],{},{},{},[],art_gallery_owner,tier2,0.85,0.0,False,,VIP client with inferred budget range based on status and context. Clear lifestyle and dietary preferences. Allergy mentioned with low severity. Multiple locations and events related to art world.,mistral-medium-latest,0.0,,,2,CA_319,False,
,,"['ready_to_wear', 'gift_for_parent', 'shopping_with_spouse', 'pescatarian', 'watches', 'leather_goods', 'travel_frequent']",[],[],"['Luxembourg', 'Tanzania', 'Zürich']",['Safari Tanzania'],[],10K-20K,11200.0,16800.0,inferred,,regular,[],low,['pescatarian'],"{'gift_for': ['parent'], 'shopping_with': ['spouse']}",[],[],,,,,[],{},{},{},[],,tier2,0.85,0.0,False,,"Regular clients with flexible budget inferred from their status and spending habits. Professions and dietary preferences explicitly mentioned. Travel and lifestyle details extracted. No specific products or brands mentioned, but categories inferred from their preferences.",mistral-medium-latest,0.0,,,2,CA_320,False,
,,"['watches', 'leather_goods', 'wedding']",[],[],[],[],[],5K-10K,,,,5000.0,,['nickel_allergy'],low,['vegan'],"{'gift_for': [], 'shopping_with': []}",[],[],,,,,[],{},{},{},[],,tier1,0.95,0.6666183471679688,False,,,,0.0,,female,1,CA_321,False,
,,"['gift_for_child', 'pescatarian', 'gift_for_friend', 'wine_enthusiast', 'leather_goods', 'art_collector', 'travel_frequent']",[],[],"['Provence', 'London', 'New York', 'Salzburg', 'Japan', 'France']",['Salzburg Festival'],[],50K+,50000.0,,inferred,,vip,[],low,['pescatarian'],"{'gift_for': ['child', 'friend'], 'shopping_with': []}",[],['housewarming'],,,,,[],{},{},{},[],finance_wealth_manager,tier2,0.85,0.0,False,,VIP clients with high budget inferred from context and past purchases. Multiple interests and lifestyle tags extracted. Some ambiguity in specific product mentions and exact event dates.,mistral-medium-latest,0.0,,,2,CA_322,False,
,,[],[],[],[],[],[],5K-10K,,,,6000.0,,[],low,['vegetarian'],"{'gift_for': [], 'shopping_with': []}",[],[],,,,,[],{},{},{},[],,tier1,0.75,0.8931159973144531,False,,,,0.0,,female,1,CA_323,False,
,,"['ready_to_wear', 'vegan', 'small_leather', 'shopping_with_spouse', 'leather_goods', 'travel_frequent']",[],[],['Bali'],[],[],20K-50K,18000.0,50000.0,inferred,,regular,[],low,['vegan'],"{'gift_for': [], 'shopping_with': ['spouse']}",[],[],,,,,[],{},{},{},[],,tier2,0.85,0.0,False,,"Budget inféré basé sur le statut de nouveaux clients à haut potentiel et la mention d'un budget très ouvert. Pas de date spécifique mentionnée, mais un voyage à Bali est prévu. Les professions et les modes de vie ont été identifiés clairement.",mistral-medium-latest,0.0,,,2,CA_324,False,
,,['leather_goods'],[],[],[],[],[],5K-10K,,,,8000.0,,[],low,[],"{'gift_for': [], 'shopping_with': []}",[],[],,,,,[],{},{},{},[],,tier1,0.8,1.1551380157470703,False,,,,0.0,,,1,CA_325,False,
,,"['watches', 'philanthropist', 'shopping_with_spouse', 'pescatarian', 'lactose_intolerance', 'jewelry', 'gift_for_spouse', 'leather_goods', 'travel_frequent']",[],[],"['Cambodge', 'Thaïlande']",['galas bienfaisance annuels'],[],30K-100K,30000.0,120000.0,inferred,,vip,['lactose_intolerance'],medium,['pescatarian'],"{'gift_for': ['spouse'], 'shopping_with': ['spouse']}",[],['wedding_anniversary'],,,,,[],{},{},{},[],,tier2,0.95,0.0,False,,"VIP clients with high budget flexibility, specific professions, dietary restrictions, and travel plans mentioned. Multiple interests in watches and jewelry, with a significant anniversary occasion.",mistral-medium-latest,0.0,,,2,CA_326,False,
,,"['shellfish_allergy', 'ready_to_wear', 'gift_for_partner', 'vegan', 'travel_luggage', 'gift_for_spouse', 'art_collector', 'travel_frequent']",[],[],"['Australia', 'Japan']",[],[],2K-5K,2000.0,5000.0,explicit,,first_visit,['shellfish_allergy'],high,['vegan'],"{'gift_for': ['spouse'], 'shopping_with': []}",[],['anniversary'],,2024-06-01,,,[],{},{},{},[],professional_dancer,tier2,0.85,0.0,False,,First visit client with explicit budget and clear professional background. Severe allergy detected. Future potential for higher budget inferred from context. Travel and performance needs identified.,mistral-medium-latest,0.0,,,2,CA_327,False,'coroutine' object is not iterable
,,"['gift_for_parent', 'shopping_with_spouse', 'pescatarian', 'art_collector', 'travel_frequent']",[],[],['Stati Uniti'],['conferenza diritti umani'],[],20K-50K,17000.0,51000.0,inferred,,vip,[],low,['pescatarian'],"{'gift_for': ['parent'], 'shopping_with': ['spouse']}",[],[],,,,,[],{},{},{},[],,tier2,0.85,0.0,False,,"VIP clients with high-profile professions and specific lifestyle preferences. Budget inferred as flexible and high due to their status and professions. Detailed personal and professional backgrounds provided, but no specific products or urgent dates mentioned.",mistral-medium-latest,0.0,,,2,CA_328,False,
,,"['ready_to_wear', 'vegan', 'travel_luggage', 'latex_allergy', 'leather_goods']",['bolso trabajo'],[],['Alpes'],[],[],2K-5K,4000.0,6000.0,inferred,,first_visit,['latex_allergy'],medium,['vegan'],"{'gift_for': [], 'shopping_with': []}",[],[],,,,,[],{},{},{},[],tech_engineer,tier2,0.85,0.0,False,,First visit client with inferred budget range based on initial spending. Clear profession and dietary preferences. Allergy mentioned with medium severity. No specific occasions or urgency detected.,mistral-medium-latest,0.0,,,2,CA_329,False,
,,"['gift_for_child', 'vegetarian', 'graduation_gift', 'art_collector', 'travel_frequent']",[],[],"['Singapur', 'Malediven']","['Symposium', 'Urlaub']",[],20K-50K,21000.0,50000.0,explicit,,vip,[],low,['vegetarian'],"{'gift_for': ['child'], 'shopping_with': []}",[],['graduation'],,,,,[],{},{},{},[],medical_surgeon,tier2,0.91,0.0,False,,VIP clients with explicit budget range and clear context of purchase for children's graduation gifts. Detailed professional and lifestyle information provided.,mistral-medium-latest,0.0,,,2,CA_330,False,
,,"['nickel_allergy', 'ready_to_wear', 'gift_for_self', 'vegan', 'shopping_with_spouse', 'art_collector', 'travel_frequent']",[],[],['Marrakech'],[],[],5K-10K,5600.0,8400.0,explicit,,occasional,['nickel_allergy'],high,['vegan'],"{'gift_for': ['self'], 'shopping_with': ['spouse']}",[],[],,,,,[],{},{},{},[],creative_designer,tier2,0.85,0.0,False,,"Budget explicite, profession et statut client clairs, allergie et régime spécifiés, contexte relationnel et lifestyle détaillés",mistral-medium-latest,0.0,,,2,CA_331,False,'coroutine' object is not iterable
,,"['gift_for_parent', 'gift_for_parents', 'pescatarian', 'latex_allergy', 'art_collector', 'travel_frequent']",[],[],['Europe'],['river_cruise'],[],10K-20K,10000.0,20000.0,inferred,,regular,['latex_allergy'],medium,['pescatarian'],"{'gift_for': ['parents'], 'shopping_with': []}",[],['birthday'],,,,,[],{},{},{},[],,tier2,0.85,0.0,False,,Regular clients with clear professions and lifestyle details. Budget inferred from 'flexible' and 15K mention. Allergy and dietary preferences explicitly stated. Travel and art interests noted.,mistral-medium-latest,0.0,,,2,CA_332,False,
,,[],[],[],[],[],[],5K-10K,,,,6000.0,,[],low,['vegetarian'],"{'gift_for': [], 'shopping_with': []}",[],[],,,,,[],{},{},{},[],,tier1,0.75,1.055002212524414,False,,,,0.0,,female,1,CA_333,False,
,,"['gluten_free', 'shopping_with_spouse', 'pescatarian', 'gift_for_children', 'wine_enthusiast', 'watches', 'gift_for_grandchildren', 'leather_goods', 'art_collector', 'travel_frequent']",[],[],"['Mediterranean', 'Orient Express']",[],[],20K-50K,23000.0,50000.0,inferred,,vip,['gluten_sensitivity'],high,['pescatarian'],"{'gift_for': ['children', 'grandchildren'], 'shopping_with': ['spouse']}",[],[],,,,,[],{},{},{},[],,tier2,0.95,0.0,False,,"VIP clients with high budget flexibility, multiple gift recipients, specific dietary restrictions, and detailed lifestyle preferences.",mistral-medium-latest,0.0,,,2,CA_334,False,'coroutine' object is not iterable
,,[],[],[],[],[],[],10K-20K,,,,9000.0,,[],low,[],"{'gift_for': [], 'shopping_with': []}",[],[],,,,,[],{},{},{},[],,tier1,0.75,1.2977123260498047,False,,,,0.0,,,1,CA_335,False,
,,"['latex_allergy', 'pescatarian', 'leather_goods', 'travel_frequent']",['sacs nouveaux collection printemps'],[],[],['championnat France mars'],[],5K-10K,5200.0,7800.0,explicit,,regular,['latex_allergy'],high,['pescatarian'],"{'gift_for': [], 'shopping_with': []}",[],['wedding_anniversary'],,2024-05-01,,,[],{},{},{},[],medical_surgeon,tier2,0.92,0.0,False,,"Extraction complète: profession, budget explicite, allergie grave détectée, contexte usage professionnel, occasions annuelles, et détails personnels pertinents.",mistral-medium-latest,0.0,,,2,CA_336,False,'coroutine' object is not iterable
,,[],,,,,,,,,,,,,,,,,,,,,,,,,,,,,0.0,,,'coroutine' object is not iterable,,,,,,3,CA_337,,
,,"['valentines_gift', 'graduation_gift', 'pescatarian', 'gift_for_spouse', 'leather_goods', 'art_collector', 'travel_frequent']",['collezione borse primavera'],[],[],['preview estate privata'],[],10K-20K,10000.0,20000.0,explicit,,vip,['fragrance_sensitivity'],high,['pescatarian'],"{'gift_for': ['spouse'], 'shopping_with': []}",[],"['valentines', 'graduation']",,2024-02-14,,,[],{},{},{},[],creative_designer,tier2,0.92,0.0,False,,VIP client with explicit budget and clear occasion. Detailed lifestyle and professional context provided. Allergies and dietary preferences mentioned. Multiple occasions identified.,mistral-medium-latest,0.0,,,2,CA_338,False,'coroutine' object is not iterable
,,"['vegan', 'leather_goods', 'travel_frequent']",[],[],"['África', 'Asia', 'América Latina', 'India']",[],[],5K-10K,5000.0,10000.0,explicit,,first_visit,['medication_allergy'],high,['vegan'],"{'gift_for': [], 'shopping_with': []}",[],[],,,,,[],{},{},{},[],legal_lawyer,tier2,0.85,0.0,False,,Cliente nueva con perfil detallado pero sin productos específicos mencionados. Presupuesto explícito y dieta vegana clara. Alergias a medicamentos mencionadas con severidad alta. Viajes frecuentes y estilo de vida ético bien definidos.,mistral-medium-latest,0.0,,,2,CA_339,False,'coroutine' object is not iterable
,,"['ready_to_wear', 'vegetarian', 'shopping_with_spouse', 'gift_for_spouse', 'leather_goods', 'art_collector', 'travel_frequent']",[],[],['Japan'],[],[],20K-50K,20000.0,50000.0,inferred,,vip,[],low,['vegetarian'],"{'gift_for': ['spouse'], 'shopping_with': ['spouse']}",[],['wedding_anniversary'],,,,,[],{},{},{},[],,tier2,0.85,0.0,False,,"VIP clients with a flexible budget and specific interests in design and architecture. No specific products mentioned, but a clear occasion and dietary preferences are noted.",mistral-medium-latest,0.0,,,2,CA_340,False,
,,"['nickel_allergy', 'shopping_with_spouse', 'pescatarian', 'leather_goods', 'art_collector', 'travel_frequent']",['sac élégant'],[],['Asie'],[],[],5K-10K,5000.0,5500.0,explicit,,first_visit,['nickel_allergy'],high,['pescatarian'],"{'gift_for': [], 'shopping_with': ['spouse']}",[],[],,,,,[],{},{},{},[],chef_restaurant,tier2,0.85,0.0,False,,"Budget explicite, profession et statut client identifiés, allergie sévère détectée, contexte professionnel détaillé",mistral-medium-latest,0.0,,,2,CA_341,False,'coroutine' object is not iterable
,,"['gift_for_child', 'philanthropist', 'gift_for_grandchild', 'pescatarian', 'leather_goods', 'art_collector', 'travel_frequent']",[],[],['Danube'],['fundraising galas'],[],50K+,50000.0,,inferred,,vip,[],low,['pescatarian'],"{'gift_for': ['child', 'grandchild'], 'shopping_with': []}",[],[],,,,,[],{},{},{},[],tech_executive,tier2,0.85,0.0,False,,VIP clients with high budget flexibility and multiple gift opportunities. Detailed lifestyle and dietary information provided. Some inference required for specific product mentions and exact occasions.,mistral-medium-latest,0.0,,,2,CA_342,False,
,,[],[],[],[],[],[],5K-10K,,,,7000.0,,[],low,['vegetarian'],"{'gift_for': [], 'shopping_with': []}",[],[],,,,,[],{},{},{},[],,tier1,0.75,1.4061927795410156,False,,,,0.0,,female,1,CA_343,False,
,,"['travel_frequent', 'vegan', 'gift_for_self']",[],[],['California'],[],[],20K-50K,20000.0,50000.0,inferred,,regular,['pollen_allergy'],high,['vegan'],"{'gift_for': ['self'], 'shopping_with': []}",[],[],,,,,[],{},{},{},[],music_producer,tier2,0.85,0.0,False,,"Client potentiel très haut, budget inféré basé sur le statut et la mention de 14K, allergie sévère détectée, profession et style de vie détaillés.",mistral-medium-latest,0.0,,,2,CA_344,False,'coroutine' object is not iterable
,,['leather_goods'],[],[],[],[],[],10K-20K,,,,9000.0,,[],low,[],"{'gift_for': [], 'shopping_with': []}",[],[],,,,,[],{},{},{},[],,tier1,0.8,1.5802383422851562,False,,,,0.0,,,1,CA_345,False,
,,"['vegetarian', 'gift_for_colleague', 'art_collector', 'travel_frequent']",[],[],[],['fashion_weeks'],[],10K-20K,11000.0,22000.0,inferred,,vip,['textile_dye_allergy'],high,['vegetarian'],"{'gift_for': ['colleague'], 'shopping_with': []}",[],[],,,,,[],{},{},{},[],creative_designer,tier2,0.92,0.0,False,,VIP client with explicit budget range and detailed professional background. Allergy and dietary information clearly mentioned. High confidence due to comprehensive details provided.,mistral-medium-latest,0.0,,,2,CA_346,False,'coroutine' object is not iterable
,,"['vegetarian', 'gift_for_family', 'leather_goods', 'travel_frequent']",[],[],['Peru'],['private preview'],[],20K-50K,18000.0,54000.0,inferred,,vip,[],low,['vegetarian'],"{'gift_for': ['family'], 'shopping_with': []}",[],"['expedition', 'celebration']",this_month,2024-03-01,30.0,,[],{},{},{},[],academic_anthropology_archaeology,tier2,0.92,0.0,False,,VIP clients with a clear budget range and specific interests. Detailed professional and personal backgrounds provided. Specific dietary preferences and travel plans mentioned. Urgency inferred from upcoming expedition and celebration.,mistral-medium-latest,0.0,,,2,CA_347,False,
,,[],[],[],[],[],[],5K-10K,,,,8000.0,,[],low,[],"{'gift_for': [], 'shopping_with': []}",[],[],,,,,[],{},{},{},[],,tier1,0.75,0.8368492126464844,False,,,,0.0,,female,1,CA_348,False,
,,[],[],[],[],[],[],,,,,,,[],low,['vegetarian'],"{'gift_for': [], 'shopping_with': []}",[],[],,,,,[],{},{},{},[],,tier1,0.6,1.4047622680664062,False,,,,0.0,,female,1,CA_349,False,
,,"['shopping_with_spouse', 'pescatarian', 'gift_for_spouse', 'leather_goods', 'art_collector', 'travel_frequent']",[],[],[],[],[],20K-50K,20000.0,50000.0,explicit,,vip,[],low,['pescatarian'],"{'gift_for': ['spouse'], 'shopping_with': ['spouse']}",[],['wedding_anniversary'],,,,,[],{},{},{},[],entrepreneur_established,tier2,0.85,0.0,False,,VIP clients with explicit budget and clear context of wedding anniversary gifts. No specific products mentioned but clear preferences for leather goods. No allergies or specific events mentioned.,mistral-medium-latest,0.0,,,2,CA_350,False,
,,"['ready_to_wear', 'leather_goods', 'vegetarian']",['sac travail professionnel'],[],[],['mariage'],[],2K-5K,3200.0,4800.0,explicit,,first_visit,['pollen_allergy'],high,['vegetarian'],"{'gift_for': [], 'shopping_with': []}",[],['wedding'],,2024-09-01,216.0,,[],{},{},{},[],legal_lawyer,tier2,0.85,0.0,False,,"Client status inferred as first_visit due to 'nouvelle cliente'. Budget range adjusted based on explicit mention of 4K. Allergy severity set to high due to 'sévère'. Event date for wedding set to September 2024, with days until calculated accordingly.",mistral-medium-latest,0.0,,,2,CA_351,False,'coroutine' object is not iterable
,,"['gift_for_self', 'gluten_free', 'vegan', 'shopping_with_spouse', 'art_collector', 'travel_frequent']",[],[],"['Cannes', 'Berlin', 'Venice', 'Sundance']",['Cannes Film Festival'],[],20K-50K,20000.0,50000.0,inferred,,first_visit,['gluten_allergy'],high,['vegan'],"{'gift_for': ['self'], 'shopping_with': ['spouse']}",[],['film_selection'],today,2023-05-24,0.0,,[],{},{},{},[],film_producer,tier2,0.92,0.0,False,,Client status inferred as first_visit with high potential. Budget inferred as very open and discussed at 16K today. Allergy severity marked as high due to the mention of severe gluten allergy. Dietary preference clearly stated as vegan. Travel and art collector tags added due to frequent travel to film festivals and collection of vintage movie posters. Urgency set to today as the budget was discussed today.,mistral-medium-latest,0.0,,,2,CA_352,False,'coroutine' object is not iterable
,,"['nickel_allergy', 'ready_to_wear', 'pescatarian', 'jewelry', 'leather_goods', 'art_collector', 'travel_frequent']",[],[],[],['inaugurazione mostra'],[],10K-20K,10000.0,20000.0,explicit,,vip,['nickel_allergy'],high,['pescatarian'],"{'gift_for': [], 'shopping_with': []}",[],[],,,,,[],{},{},{},[],museum_director,tier2,0.85,0.0,False,,VIP client with explicit budget and detailed lifestyle information. Allergy and dietary preferences mentioned. Profession inferred from context.,mistral-medium-latest,0.0,,,2,CA_353,False,'coroutine' object is not iterable
,,"['ready_to_wear', 'vegan', 'shopping_with_spouse', 'art_collector', 'travel_frequent']",[],[],"['Dubai', 'Miami', 'Singapore']",[],[],50K+,50000.0,,inferred,,first_visit,[],low,['vegan'],"{'gift_for': [], 'shopping_with': ['spouse']}",[],[],,,,,[],{},{},{},[],entrepreneur_startup,tier2,0.85,0.0,False,,"Client potentiel à très haut potentiel avec un budget extrêmement flexible, inféré à plus de 50K en raison de son statut d'entrepreneur dans la technologie blockchain et de son succès entrepreneurial. Style de vie et préférences clairement définis, avec des voyages fréquents et un intérêt pour l'art et la technologie. Pas d'allergies mentionnées, mais un régime vegan strict. Relation avec une influenceuse fitness notable.",mistral-medium-latest,0.0,,,2,CA_354,False,
,,"['vegetarian', 'shopping_with_spouse', 'gift_for_colleague', 'leather_goods', 'art_collector', 'travel_frequent']",[],[],[],['Privatvorschau'],[],10K-20K,9900.0,13200.0,explicit,,regular,[],low,['vegetarian'],"{'gift_for': ['colleague'], 'shopping_with': ['spouse']}",[],['wedding_anniversary'],,,,,[],{},{},{},[],tech_executive,tier2,0.85,0.0,False,,Budget explicite + contexte professionnel détaillé + régime alimentaire + pas d'allergies + occasions mentionnées,mistral-medium-latest,0.0,,,2,CA_355,False,
,,"['ready_to_wear', 'vegetarian', 'shopping_with_spouse', 'nut_allergy', 'travel_luggage', 'gift_for_spouse', 'travel_frequent']",['sac voyage professionnel'],[],[],['mariage'],[],5K-10K,4800.0,7200.0,explicit,,first_visit,['nut_allergy'],high,['vegetarian'],"{'gift_for': ['spouse'], 'shopping_with': ['spouse']}",[],['wedding'],,,,,[],{},{},{},[],tech_executive,tier2,0.85,0.0,False,,"Budget explicite, profession et allergie clairement mentionnées, contexte de mariage futur, client nouveau avec profil tech détaillé",mistral-medium-latest,0.0,,,2,CA_356,False,'coroutine' object is not iterable
,,"['gift_for_child', 'gift_for_parent', 'shopping_with_spouse', 'pescatarian', 'gift_for_spouse', 'leather_goods', 'art_collector', 'travel_frequent']",[],[],[],"['private preview', 'anniversary celebration']",[],20K-50K,21000.0,52500.0,inferred,,vip,[],low,['pescatarian'],"{'gift_for': ['spouse', 'child', 'parent'], 'shopping_with': ['spouse']}",[],['wedding_anniversary'],,,,,[],{},{},{},[],,tier2,0.85,0.0,False,,"VIP clients with high budget flexibility and multiple gift-giving occasions. Detailed lifestyle and professional information provided, but specific product mentions and exact dates are missing.",mistral-medium-latest,0.0,,,2,CA_357,False,
,,['leather_goods'],[],[],[],[],[],5K-10K,,,,5000.0,,[],low,[],"{'gift_for': [], 'shopping_with': []}",[],[],,,,,[],{},{},{},[],,tier1,0.8,1.0788440704345703,False,,,,0.0,,female,1,CA_358,False,
,,[],[],[],[],[],[],,,,,,,[],low,['vegetarian'],"{'gift_for': [], 'shopping_with': []}",[],[],,,,,[],{},{},{},[],,tier1,0.6,1.0347366333007812,False,,,,0.0,,female,1,CA_359,False,
,,"['gift_for_child', 'vegetarian', 'shopping_with_spouse', 'leather_goods', 'art_collector', 'travel_frequent']",[],[],['Japan'],[],[],20K-50K,20000.0,50000.0,inferred,,vic,[],low,['vegetarian'],"{'gift_for': ['child'], 'shopping_with': ['spouse']}",[],['wedding'],,2024-06-01,153.0,,[],{},{},{},[],medical_surgeon,tier2,0.95,0.0,False,,"VIC status with explicit budget discussion and detailed professional backgrounds. Multiple high-value indicators including international travel, academic prestige, and specific cultural interests. Budget inferred as flexible range for high-status clients. Wedding occasion identified with summer timeline. High confidence due to comprehensive contextual data.",mistral-medium-latest,0.0,,,2,CA_360,False,
,,"['shopping_with_spouse', 'pescatarian', 'wine_enthusiast', 'leather_goods', 'travel_frequent']",['sac élégant usage professionnel'],[],"['Bourgogne', 'Toscane', 'Napa']",[],[],5K-10K,4400.0,6600.0,explicit,,first_visit,['sulfite_allergy'],high,['pescatarian'],"{'gift_for': [], 'shopping_with': ['spouse']}",[],[],,,,,[],{},{},{},[],sommelière,tier2,0.85,0.0,False,,"Budget explicite avec une marge de flexibilité, profession et contexte professionnel clairement définis, allergie mentionnée avec sévérité élevée due à l'importance professionnelle, plusieurs lieux et activités mentionnés.",mistral-medium-latest,0.0,,,2,CA_361,False,'coroutine' object is not iterable
,,"['shellfish_allergy', 'gift_for_child', 'vegetarian', 'leather_goods', 'art_collector', 'travel_frequent']",[],[],[],['family reunion'],[],50K+,50000.0,,inferred,,vip,['shellfish_allergy'],high,['vegetarian'],"{'gift_for': ['child'], 'shopping_with': []}",[],['birthday'],,,,,[],{},{},{},[],medical_physician,tier2,0.95,0.0,False,,VIP clients with high budget flexibility and specific preferences. Detailed lifestyle and professional information provided. Allergies and dietary restrictions noted. Multiple gift-giving occasions mentioned.,mistral-medium-latest,0.0,,,2,CA_362,False,'coroutine' object is not iterable
,,"['vegan', 'shopping_with_spouse', 'travel_luggage', 'leather_goods', 'art_collector', 'travel_frequent']",[],[],"['Africa', 'Middle East', 'Asia', 'India']",[],[],5K-10K,5000.0,7000.0,explicit,,first_visit,[],low,['vegan'],"{'gift_for': [], 'shopping_with': ['spouse']}",[],[],,2024-04-01,,,[],{},{},{},[],legal_lawyer,tier2,0.85,0.0,False,,Client profile with explicit budget and detailed lifestyle information. No specific products or brands mentioned. Urgency and specific event date not provided.,mistral-medium-latest,0.0,,,2,CA_363,False,
,,"['gift_for_colleague', 'wine_enthusiast', 'gift_for_colleagues', 'vegetarian']",[],[],[],['private_preview'],[],10K-20K,13000.0,26000.0,inferred,,vip,[],low,['vegetarian'],"{'gift_for': ['colleague'], 'shopping_with': []}",[],[],,,,,[],{},{},{},[],music_conductor,tier2,0.85,0.0,False,,"Client VIP avec budget inféré et contexte professionnel détaillé, pas de date spécifique mentionnée",mistral-medium-latest,0.0,,,2,CA_364,False,
,,"['nickel_allergy', 'ready_to_wear', 'pescatarian', 'travel_luggage', 'leather_goods', 'art_collector', 'travel_frequent']",[],[],"['Paris', 'Mailand', 'New York', 'London']",['Fashion Weeks'],[],10K-20K,10000.0,20000.0,explicit,,regular,['nickel_allergy'],medium,['pescatarian'],"{'gift_for': [], 'shopping_with': []}",[],['fashion_week'],,,,,[],{},{},{},[],Chefredakteurin,tier2,0.85,0.0,False,,"Client status and budget explicit, multiple locations and events mentioned, allergy severity inferred as medium due to lack of specific severity indicators",mistral-medium-latest,0.0,,,2,CA_365,False,
,,"['ready_to_wear', 'vegetarian', 'shopping_with_spouse', 'travel_luggage', 'leather_goods', 'art_collector', 'travel_frequent']",['sac travail'],[],[],[],[],5K-10K,4000.0,6000.0,explicit,,first_visit,['dust_allergy'],high,['vegetarian'],"{'gift_for': [], 'shopping_with': ['spouse']}",[],[],,2024-05-01,,,[],{},{},{},[],architect,tier2,0.85,0.0,False,,"Budget explicite, profession et allergie détectées, contexte détaillé mais pas d'urgence ou d'occasion spécifique",mistral-medium-latest,0.0,,,2,CA_366,False,'coroutine' object is not iterable
,,"['gift_for_child', 'pescatarian', 'gift_for_friend', 'leather_goods', 'art_collector', 'travel_frequent']",[],[],['Antarctica'],['Antarctica expedition'],[],50K+,50000.0,,inferred,,vip,[],low,['pescatarian'],"{'gift_for': ['child', 'friend'], 'shopping_with': []}",[],['wedding_anniversary'],,,,,[],{},{},{},[],retired_corporate_executives,tier2,0.85,0.0,False,,VIP clients with significant budget inferred from their status and past purchases. Extensive travel and lifestyle details provided. Specific dietary restrictions noted. Family and gift-giving context mentioned.,mistral-medium-latest,0.0,,,2,CA_367,False,
,,[],[],[],[],[],[],5K-10K,,,,7000.0,,[],low,['vegetarian'],"{'gift_for': [], 'shopping_with': []}",[],[],,,,,[],{},{},{},[],,tier1,0.75,0.9510517120361328,False,,,,0.0,,female,1,CA_368,False,
,,"['ready_to_wear', 'vegan', 'gift_for_artist', 'jewelry', 'latex_allergy', 'art_collector', 'travel_frequent']",[],[],[],['private_exhibition'],[],20K-50K,18000.0,60000.0,inferred,,vip,['latex_allergy'],high,['vegan'],"{'gift_for': ['artist'], 'shopping_with': []}",[],['private_exhibition'],,2024-04-01,30.0,,[],{},{},{},[],foundation_director,tier2,0.95,0.0,False,,VIP client with explicit budget range and specific event date. High severity allergy detected. Detailed lifestyle and professional context provided.,mistral-medium-latest,0.0,,,2,CA_369,False,'coroutine' object is not iterable
,,"['ready_to_wear', 'gift_for_parent', 'shopping_with_spouse', 'pescatarian', 'leather_goods', 'art_collector', 'travel_frequent']",[],[],[],[],[],10K-20K,13600.0,20400.0,inferred,,regular,[],low,['pescatarian'],"{'gift_for': ['parent'], 'shopping_with': ['spouse']}",[],[],,,,,[],{},{},{},[],,tier2,0.85,0.0,False,,Budget inféré à partir du statut de client régulier et de la mention de flexibilité. Professions et régimes alimentaires clairement mentionnés. Pas de date spécifique ni d'urgence détectée.,mistral-medium-latest,0.0,,,2,CA_370,False,
,,"['watches', 'leather_goods']",[],[],[],[],[],50K+,,,,550000.0,,[],low,['vegan'],"{'gift_for': [], 'shopping_with': []}",[],[],,,,,[],{},{},{},[],,tier1,0.85,1.1603832244873047,False,,,,0.0,,female,1,CA_371,False,
,,"['philanthropist', 'pescatarian', 'gift_for_spouse', 'leather_goods', 'travel_frequent']",[],[],[],['anniversary party'],[],20K-50K,20000.0,60000.0,inferred,,vip,['lactose_intolerance'],medium,['pescatarian'],"{'gift_for': ['spouse'], 'shopping_with': []}",[],['wedding_anniversary'],,2026-04-15,77.0,,[],{},{},{},[],medical_surgeon,tier2,0.95,0.0,False,,"VIP clients with explicit budget range and specific occasion. Detailed professional and personal context provided, including dietary restrictions and allergy information. Event date inferred from follow-up planning mentioned for April.",mistral-medium-latest,0.0,,,2,CA_372,False,
,,[],[],[],[],[],[],5K-10K,,,,6000.0,,[],low,['vegetarian'],"{'gift_for': [], 'shopping_with': []}",[],[],,,,,[],{},{},{},[],,tier1,0.75,1.500844955444336,False,,,,0.0,,female,1,CA_373,False,
,,[],[],[],[],[],[],,,,,,,[],low,[],"{'gift_for': [], 'shopping_with': []}",[],[],,,,,[],{},{},{},[],,tier1,0.6,0.9329319000244141,False,,,,0.0,,female,1,CA_374,False,
,,"['ready_to_wear', 'vegetarian', 'shopping_with_spouse', 'travel_luggage', 'gift_for_colleague', 'leather_goods', 'art_collector', 'travel_frequent']",[],[],"['Frankfurt', 'London']",['Book Expo'],[],10K-20K,12800.0,19200.0,inferred,,vip,[],low,['vegetarian'],"{'gift_for': ['colleague'], 'shopping_with': ['spouse']}",[],['wedding_anniversary'],this_month,2024-04-01,7.0,,[],{},{},{},[],publisher,tier2,0.85,0.0,False,,VIP client with inferred budget range based on flexible budget mention. Vegetarian dietary preference noted. Travel and art collector tags added due to frequent travel and manuscript collection. Urgency set to this_month due to April follow-up mention.,mistral-medium-latest,0.0,,,2,CA_375,False,
,,"['shopping_with_spouse', 'pescatarian', 'travel_luggage', 'latex_allergy', 'leather_goods', 'travel_frequent']",['sacs voyage'],"['Hasselblad', 'Leica']","['New York', 'Milan', 'Tokyo']",[],[],5K-10K,5000.0,10000.0,explicit,,first_visit,['latex_allergy'],high,['pescatarian'],"{'gift_for': [], 'shopping_with': ['spouse']}",[],[],,,,,[],{},{},{},[],photographe,tier2,0.92,0.0,False,,Extraction complète: budget explicite + profession + allergie + régime + lieux + marques mentionnées,mistral-medium-latest,0.0,,,2,CA_376,False,'coroutine' object is not iterable
,,"['gift_for_child', 'shopping_with_spouse', 'vegan', 'travel_frequent']",[],[],['Silicon Valley'],[],[],20K-50K,20000.0,69000.0,inferred,,vip,[],low,['vegan'],"{'gift_for': ['child'], 'shopping_with': ['spouse']}",[],[],,,,,[],{},{},{},[],,tier2,0.85,0.0,False,,"VIP clients with explicit combined budget and flexible range. Detailed professional backgrounds and lifestyle preferences provided. No specific products or events mentioned, but strong context for future interactions.",mistral-medium-latest,0.0,,,2,CA_377,False,
,,[],[],[],[],[],[],5K-10K,,,,8000.0,,[],low,[],"{'gift_for': [], 'shopping_with': []}",[],[],,,,,[],{},{},{},[],,tier1,0.75,0.8521080017089844,False,,,,0.0,,female,1,CA_378,False,
,,[],[],[],[],[],[],,,,,,,[],low,['vegetarian'],"{'gift_for': [], 'shopping_with': []}",[],[],,,,,[],{},{},{},[],,tier1,0.6,0.9503364562988281,False,,,,0.0,,female,1,CA_379,False,
,,"['vegetarian', 'shopping_with_spouse', 'jewelry', 'gift_for_spouse', 'leather_goods', 'art_collector', 'travel_frequent']",[],[],['Haag'],"['Opern', 'Rechtskonferenzen']",[],20K-50K,21000.0,50000.0,inferred,,vip,[],low,['vegetarian'],"{'gift_for': ['spouse'], 'shopping_with': ['spouse']}",[],['wedding_anniversary'],,,,,[],{},{},{},[],legal_lawyer,tier2,0.85,0.0,False,,"VIP clients with high budget flexibility, specific professions, dietary preferences, and travel habits mentioned. No specific products or exact event date provided.",mistral-medium-latest,0.0,,,2,CA_380,False,
,,"['ready_to_wear', 'nut_allergy', 'pescatarian', 'travel_luggage', 'leather_goods', 'art_collector', 'travel_frequent']",[],[],"['Tokyo', 'Paris']",[],[],5K-10K,4800.0,7200.0,explicit,,first_visit,['nut_allergy'],high,['pescatarian'],"{'gift_for': [], 'shopping_with': []}",[],[],,,,,[],{},{},{},[],creative_designer,tier2,0.85,0.0,False,,Client first_visit avec budget explicite et contexte professionnel détaillé. Allergie sévère détectée et régime alimentaire spécifié. Contexte professionnel et personnel riche mais pas d'urgence ou d'occasion spécifique mentionnée.,mistral-medium-latest,0.0,,,2,CA_381,False,'coroutine' object is not iterable
,,"['gift_for_child', 'ready_to_wear', 'philanthropist', 'pescatarian', 'gift_for_spouse', 'leather_goods', 'travel_frequent', 'shoes']",[],[],[],['company IPO gala'],[],50K+,50000.0,,inferred,,vip,[],low,['pescatarian'],"{'gift_for': ['child', 'spouse'], 'shopping_with': []}",[],['wedding_anniversary'],,,,,[],{},{},{},[],entrepreneur_established,tier2,0.85,0.0,False,,VIP clients with high budget flexibility and significant spending history. Multiple gift opportunities and dietary restrictions noted. High confidence due to detailed client background and specific event mentioned.,mistral-medium-latest,0.0,,,2,CA_382,False,
,,[],[],[],[],[],[],5K-10K,,,,7000.0,,[],low,['vegetarian'],"{'gift_for': [], 'shopping_with': []}",[],[],,,,,[],{},{},{},[],,tier1,0.75,1.0974407196044922,False,,,,0.0,,female,1,CA_383,False,
,,[],[],[],[],[],[],,,,,,,[],low,['vegetarian'],"{'gift_for': [], 'shopping_with': []}",[],[],,,,,[],{},{},{},[],,tier1,0.6,1.026153564453125,False,,,,0.0,,female,1,CA_384,False,
,,['leather_goods'],[],[],[],[],[],10K-20K,,,,9000.0,,[],low,[],"{'gift_for': [], 'shopping_with': []}",[],[],,,,,[],{},{},{},[],,tier1,0.8,0.8997917175292969,False,,,,0.0,,,1,CA_385,False,
,,"['vegetarian', 'tech_engineer', 'travel_luggage', 'leather_goods', 'travel_frequent']",['sac voyage professionnel'],[],[],[],[],2K-5K,4000.0,6000.0,inferred,,first_visit,[],low,['vegetarian'],"{'gift_for': [], 'shopping_with': []}",[],[],,,,,[],{},{},{},[],tech_engineer,tier2,0.85,0.0,False,,"Client potentiel intéressant avec budget inféré et détails professionnels, mais manque de contexte d'achat spécifique.",mistral-medium-latest,0.0,,,2,CA_386,False,
,,[],,,,,,,,,,,,,,,,,,,,,,,,,,,,,0.0,,,'coroutine' object is not iterable,,,,,,3,CA_387,,
,,"['pescatarian', 'ready_to_wear', 'leather_goods', 'travel_frequent']",[],[],[],[],[],5K-10K,5000.0,10000.0,inferred,,regular,[],low,['pescatarian'],"{'gift_for': [], 'shopping_with': []}",[],[],,,,,[],{},{},{},[],director_of_communication,tier2,0.85,0.0,False,,"Client régulier avec budget inféré et contexte professionnel détaillé, pas de date ou d'urgence spécifique mentionnée",mistral-medium-latest,0.0,,,2,CA_388,False,
,,"['nickel_allergy', 'ready_to_wear', 'vegetarian', 'leather_goods', 'travel_frequent']",['bolsos elegantes'],[],"['Milán', 'París', 'Miami']",['ferias diseño'],[],10K-20K,11000.0,22000.0,inferred,,first_visit,['nickel_allergy'],medium,['vegetarian'],"{'gift_for': [], 'shopping_with': []}",[],[],,2024-07-01,182.0,,[],{},{},{},[],creative_designer,tier2,0.85,0.0,False,,Cliente potencial alto con presupuesto flexible y detalles específicos sobre estilo y preferencias. Información completa pero sin urgencia específica.,mistral-medium-latest,0.0,,,2,CA_389,False,
,,"['vegetarian', 'shopping_with_family', 'gift_for_spouse', 'leather_goods', 'shopping_with_friends', 'travel_frequent']",[],[],['USA'],['Implantologie Symposium'],[],10K-20K,13500.0,21600.0,inferred,,vip,[],low,['vegetarian'],"{'gift_for': ['spouse'], 'shopping_with': ['family', 'friends']}",[],['wedding_anniversary'],,,,,[],{},{},{},[],medical_dentist,tier2,0.85,0.0,False,,"VIP clients with inferred budget range based on their status and flexible budget mention. Detailed professional background and lifestyle information provided, but specific product details and exact event date missing.",mistral-medium-latest,0.0,,,2,CA_390,False,
,,"['ready_to_wear', 'philanthropist', 'vegan', 'shopping_with_spouse', 'latex_allergy', 'leather_goods']",['sac professionnel écologique'],[],[],[],[],5K-10K,4400.0,6600.0,explicit,,first_visit,['latex_allergy'],medium,['vegan'],"{'gift_for': [], 'shopping_with': ['spouse']}",[],[],,,,,[],{},{},{},[],entrepreneur_established,tier2,0.85,0.0,False,,"Budget explicite, client première visite, allergie latex détectée, régime végan, contexte professionnel écologique",mistral-medium-latest,0.0,,,2,CA_391,False,
,,"['gift_for_child', 'retirement_gift', 'philanthropist', 'gift_for_grandchild', 'shopping_with_spouse', 'pescatarian', 'leather_goods', 'art_collector', 'travel_frequent']",[],[],[],['retirement party'],[],50K+,50000.0,,inferred,,vip,[],low,['pescatarian'],"{'gift_for': ['child', 'grandchild'], 'shopping_with': ['spouse']}",[],['retirement'],,,,,[],{},{},{},[],,tier2,0.85,0.0,False,,VIP clients with high budget inferred from context and spending history. Multiple professions and lifestyle tags extracted. Dietary restrictions and gift contexts identified. Event mentioned without specific date.,mistral-medium-latest,0.0,,,2,CA_392,False,
,,['belts'],[],[],[],[],[],5K-10K,,,,8000.0,,[],low,[],"{'gift_for': [], 'shopping_with': []}",[],[],,,,,[],{},{},{},[],,tier1,0.8,0.9295940399169922,False,,,,0.0,,female,1,CA_393,False,
,,[],[],[],[],[],[],,,,,,,[],low,[],"{'gift_for': [], 'shopping_with': []}",[],[],,,,,[],{},{},{},[],,tier1,0.6,0.9539127349853516,False,,,,0.0,,female,1,CA_394,False,
,,"['jewelry', 'leather_goods', 'shoes']",[],[],[],[],[],10K-20K,,,,9000.0,,['latex_allergy'],low,[],"{'gift_for': [], 'shopping_with': []}",[],[],,,,,[],{},{},{},[],,tier1,0.95,0.9179115295410156,False,,,,0.0,,,1,CA_395,False,
,,"['shopping_with_spouse', 'pescatarian', 'leather_goods', 'wine_enthusiast']",['sac élégant travail'],[],[],[],[],5K-10K,5000.0,7200.0,inferred,,first_visit,[],low,['pescatarian'],"{'gift_for': [], 'shopping_with': ['spouse']}",[],[],,,,,[],{},{},{},[],sommelier,tier2,0.85,0.0,False,,Budget inféré à partir du statut de premier visiteur et du contexte professionnel. Pas de date ou d'urgence mentionnée. Allergie non spécifiée clairement. Contexte professionnel et lifestyle détaillé.,mistral-medium-latest,0.0,,,2,CA_396,False,
,,"['gift_for_child', 'leather_goods', 'vegetarian', 'travel_frequent']",[],[],"['Geneva', 'Atlanta', 'Africa']","['private preview', 'charity event']",[],20K-50K,20000.0,50000.0,inferred,,vip,[],low,['vegetarian'],"{'gift_for': ['child'], 'shopping_with': []}",[],[],,,,,[],{},{},{},[],medical_physician,tier2,0.95,0.0,False,,VIP clients with explicit combined budget and detailed professional backgrounds. Multiple gift opportunities and travel locations mentioned. High confidence due to comprehensive client history and clear preferences.,mistral-medium-latest,0.0,,,2,CA_397,False,
,,[],[],[],[],[],[],5K-10K,,,,8000.0,,[],low,[],"{'gift_for': [], 'shopping_with': []}",[],[],,,,,[],{},{},{},[],,tier1,0.75,0.8723735809326172,False,,,,0.0,,female,1,CA_398,False,
,,"['nickel_allergy', 'ready_to_wear', 'vegetarian', 'leather_goods', 'travel_frequent']",[],[],[],[],[],10K-20K,10000.0,20000.0,inferred,,first_visit,['nickel_allergy'],medium,['vegetarian'],"{'gift_for': [], 'shopping_with': []}",[],[],,2024-09-01,,,[],{},{},{},[],creative_designer,tier2,0.85,0.0,False,,Client status inferred as first_visit due to 'nueva clienta potencial alto'. Budget inferred as flexible range for a high potential new client. Allergy severity set to medium due to 'alergia níquel importante'. Vegetarian dietary preference explicitly mentioned. Event date inferred as September for the follow-up.,mistral-medium-latest,0.0,,,2,CA_399,False,
,,"['vegetarian', 'professor', 'shopping_with_spouse', 'gift_for_children', 'travel_luggage', 'graduation_gift', 'leather_goods', 'art_collector', 'travel_frequent']",[],[],['Genf'],['Symposium Quantenphysik'],[],20K-50K,19000.0,50000.0,inferred,,vip,[],low,['vegetarian'],"{'gift_for': ['children'], 'shopping_with': ['spouse']}",[],['graduation'],,,,,[],{},{},{},[],professor,tier2,0.85,0.0,False,,"VIP clients with a flexible budget mentioned as 19K, inferred higher range due to their status and context. Both are professors with high academic standing, suggesting a higher budget range. No specific products mentioned, but interests in classic and modern leather goods are noted. No allergies, but dietary preferences are vegetarian. The occasion is graduation gifts for their children, with a mention of a scientific symposium in Geneva.",mistral-medium-latest,0.0,,,2,CA_400,False,
