ID,Date,Duration,Language,Transcription,tags,confidence,budget_range,client_status,extracted_by,cost,tier,routing_reasons,routing_confidence,from_cache,tag_scores,keywords,profession,allergies,allergy_severity,relationship_context,reasoning,dietary,age,gender
CA_101,2026-01-21,28 min,FR,"Mme Fontaine, 39 ans, dentiste cabinet privé, première visite., en quelque manière, du coup. Recherche sac professionnel discret élégant,. Budget 3500€, en gros.,. Cuir noir marine préféré, hardware d...","[""birthday_gift"", ""pollen_allergy"", ""leather_preference"", ""vegetarian"", ""leather_goods""]",0.85,3K-5K,first_visit,tier1_rules,0.0,1,"[""Simple pattern, short note (130 tokens)""]",0.8,True,,,,,,,,,,
CA_102,2026-01-21,42 min,EN,"Dr. Mitchell and partner, both 44, oncologists teaching hospital, first time customers excellent potential. Looking for multiple pieces celebrate research grant received.,. Combined budget 14K flexibl...",[],0.5,,,tier2_nlp,0.0,2,"[""Medium complexity (190 tokens), NLP suitable""]",0.78,True,{},"[""Mitchell and"", ""and partner"", ""oncologists teaching"", ""teaching hospital"", ""first time"", ""excellent potential"", ""time customers"", ""customers excellent"", ""Mitchell"", ""partner""]",,,,,,,,
CA_103,2026-01-22,33 min,ES,"Sr veis. Ruiz, 51 años, director cine documentales, cliente ocasional desde 2021,. Busca regalo esposa 48 cumpleaños próximo mes. Presupuesto 6K aproximado.,. Ella productora televisión, estilo modern...","[""shopping_with_spouse"", ""gift_for_spouse"", ""birthday_gift"", ""travel_frequent"", ""vegetarian""]",0.9,5k-10k,occasional_client,tier3_llm,0.0001,3,"[""Complex relationship dynamics detected""]",0.82,True,,,director cine documentales,[],"{""latex_allergy"": ""severe""}","{""shopping_with"": [""spouse""], ""gift_for"": [""spouse""]}",Profession 'director cine documentales' -> creative_arts_documentary. Shopping with wife for her birthday -> shopping_with_spouse + gift_for_spouse + birthday_gift. Budget of 6K indicates a high range.,,,
CA_104,2026-01-22,25 min,IT,"Signor Ferretti, 36 anni, sviluppatore software AI startup così successo, nuovo cliente altissimo potenziale. così,. Prima visita esplorazione brand. Budget molto aperto discusso 10K oggi più futuro.,...","[""entrepreneur_tech"", ""travel_frequent"", ""tech_enthusiast"", ""artisan_craft_appreciation"", ""gift_for_parent"", ""anniversary_gift""]",0.9,10k-20k,first_visit,tier3_llm,0.0001,3,"[""Complex relationship dynamics detected""]",0.82,True,,,sviluppatore software AI startup,[],"{""penicillin_allergy"": ""moderate""}","{""shopping_with"": [], ""gift_for"": [""parent""]}","Profession 'sviluppatore software AI startup' -> entrepreneur_tech. Frequent travel and interest in tech -> travel_frequent, tech_enthusiast. Gift for parents' anniversary -> gift_for_parent, anniversary_gift. Allergy to penicillin detected, severity set to moderate.",,,
CA_105,2026-01-23,48 min,DE,"Frau und Herr Hoffmann, beide Anfang 60, treue Kunden seit 2014, in gewisser Weise,., wenn du willst,. Große Einkaufsession neue Saison plus Geschenke Kinder. Budget sehr flexibel besprochen 22K. Sie ...","[""legal_corporate"", ""medical_specialist"", ""shopping_with_spouse"", ""gift_for_child"", ""travel_frequent"", ""opera_theater"", ""book_collector_rare""]",0.95,22K,VIC,tier3_llm,0.0001,3,"[""RGPD keywords detected: ['rechts']""]",0.95,True,,,"Professorin Literatur, Rechtsanwalt Partner",[],{},"{""shopping_with"": [""spouse""], ""gift_for"": [""child""]}",Profession includes 'Rechtsanwalt' -> legal_corporate and 'Professorin Literatur' -> medical_specialist. Shopping together as a couple -> shopping_with_spouse. Gifts for children mentioned -> gift_for_child. Their interests in travel and theater align with tags.,,,
CA_106,2026-01-23,30 min,FR,"M.,. Bernard, 29 ans, influenceur voyage lifestyle 1,2M abonnés YouTube, nouveau client que très intéressant., grosso modo. Cherche pièces qualité contenus création voyages, que,. Budget 8K aujourd'hu...",[],0.5,,,tier2_nlp,0.0,2,"[""Medium complexity (192 tokens), NLP suitable""]",0.78,True,{},"[""abonnés YouTube"", ""grosso modo"", ""nouveau client"", ""Bernard"", ""ans"", ""voyage"", ""influenceur voyage"", ""voyage lifestyle"", ""expédition Patagonie"", ""Patagonie""]",,,,,,,,
CA_107,2026-01-24,35 min,EN,"Mrs. Patterson, 53, museum curator contemporary art, regular client since 2019,. Looking for new handbag versatile work events. Budget 5-6K. in a manner of speaking. Style artistic sophisticated somet...",[],0.5,,,tier2_nlp,0.0,2,"[""Medium complexity (227 tokens), NLP suitable""]",0.78,True,{},"[""Mrs. Patterson"", ""curator contemporary"", ""Patterson"", ""regular client"", ""client since"", ""Mrs."", ""regular"", ""since"", ""art"", ""Venice Miami""]",,,,,,,,
CA_108,2026-01-24,40 min,IT,"Signora e Signor Greco, coppia 45-48 anni, clienti VIP dal 2017 per così dire. Shopping importante collezione primavera più regali multipli. Budget combinato 18K molto flessibile. per esempio Lei scri...","[""creative_arts_visual"", ""media_professional"", ""shopping_with_spouse"", ""gift_for_child"", ""gift_for_child""]",0.9,18K,VIC,tier3_llm,0.0001,3,"[""VIP/VIC client - premium processing""]",0.9,True,,,"Scrittrice romanzi bestseller, editore casa editrice",[],"{""lactose_intolerance"": ""severe""}","{""shopping_with"": [""spouse""], ""gift_for"": [""child""]}",Profession includes 'scrittrice' and 'editore' -> creative_arts_visual and media_professional. Shopping together as a couple -> shopping_with_spouse. Gift for their daughter -> gift_for_child. Severe lactose intolerance detected.,,,
CA_109,2026-01-27,32 min,ES,"Sra,. en cierto modo,. López, 41 años, cirujana plástica clínica prestigiosa, nueva clienta potencial alto. Busca bolsos que profesionales elegantes trabajo. Presupuesto por ejemplo 7K inicial. Estilo...","[""medical_surgeon"", ""shopping_with_children"", ""gift_for_child"", ""vegan"", ""sustainable_values"", ""artisan_craft_appreciation"", ""investment_mindset""]",0.95,7k-10k,first_visit,tier3_llm,0.0001,3,"[""Complex relationship dynamics detected""]",0.82,True,,,cirujana plástica clínica prestigiosa,[],{},"{""shopping_with"": [], ""gift_for"": [""child""]}",Specific profession 'cirujana plástica clínica prestigiosa' -> medical_surgeon. Gift for daughter -> gift_for_child. Vegan lifestyle and appreciation for artisan craft noted.,,,
CA_110,2026-01-27,45 min,DE,"Herr Schmidt, 38, Unternehmer nachhaltige Mode Startup Erfolg, neuer Kunde sehr interessant gesehen.,. Sucht Qualitätsstücke nach Geschäftswachstum,. Budget offen besprochen 12K heute. Stil modern bew...","[""entrepreneur_fashion"", ""sustainable_values"", ""art_collector"", ""travel_frequent"", ""wellness_yoga""]",0.9,12K,first_visit,tier3_llm,0.0001,3,"[""RGPD keywords detected: ['trans']""]",0.95,True,,,Unternehmer nachhaltige Mode Startup,[],{},"{""shopping_with"": [], ""gift_for"": [""sibling"", ""parent""]}","Specific profession 'Unternehmer nachhaltige Mode Startup' -> entrepreneur_fashion. Budget discussed is 12K. No allergies mentioned. Client is shopping for sister's wedding and parents' anniversary, hence gift_for_sibling and gift_for_parent.",,,
CA_111,2026-01-27,28 min,FR,"Mme Girard, 56 ans, architecte paysagiste renommée, cliente régulière depuis 2020. Renouvelle sacs travail chantiers rendez-vous clients. Budget 4500€. naturel élégant terre, cuirs cognac beige vert o...",[],0.5,,,tier2_nlp,0.0,2,"[""Medium complexity (175 tokens), NLP suitable""]",0.78,True,{},"[""Mme Girard"", ""paysagiste renommée"", ""Girard"", ""ans"", ""Mme"", ""renommée"", ""architecte paysagiste"", ""paysagiste"", ""Renouvelle sacs"", ""rendez-vous clients""]",,,,,,,,
CA_112,2026-01-28,50 min,EN,"Mr. and Mrs. Chen, both late 30s, first time customers ultra-high potential., something. He's founder successful fintech unicorn, she's venture capitalist.,. Looking establish luxury wardrobe after re...","[""entrepreneur_tech"", ""travel_frequent"", ""sustainable_values"", ""innovation_interest""]",0.95,30K+,first_visit,tier3_llm,0.0001,3,"[""RGPD keywords detected: ['trans']""]",0.95,True,,,"founder successful fintech unicorn, venture capitalist",[],"{""nut_allergy"": ""severe""}","{""shopping_with"": [""spouse""], ""gift_for"": [""child""]}",Profession includes 'founder successful fintech unicorn' -> entrepreneur_tech and 'venture capitalist'. Shopping with spouse -> shopping_with_spouse. Gift opportunities for twin daughters -> gift_for_child. Severe peanut allergy detected -> nut_allergy with severity severe. Budget discussed is 30K+.,,,
CA_113,2026-01-28,35 min,IT,"Signora Romano, 47 anni, direttrice marketing multinazionale, che cliente occasionale dal 2021. Cerca borse nuove per lavoro viaggio frequente,. più o per esempio meno,. Budget 9K approssimativo. Stil...",[],0.5,,,tier2_nlp,0.0,2,"[""Medium complexity (197 tokens), NLP suitable""]",0.78,True,{},"[""Signora Romano"", ""direttrice marketing"", ""marketing multinazionale"", ""occasionale dal"", ""Romano"", ""che cliente"", ""per"", ""Signora"", ""direttrice"", ""multinazionale""]",,,,,,,,
CA_114,2026-01-29,38 min,ES,"Sr. Fernández y Sra,. Fernández, pareja 52-55 años, clientes VIP desde 2015. Compras importante temporada primavera más regalos familia amigos,. Presupuesto combinado 16K flexible ves,. Él propietario...","[""wine_connoisseur"", ""art_collector"", ""pescatarian"", ""shopping_with_spouse""]",0.95,16K flexible,VIC,tier3_llm,0.0001,3,"[""VIP/VIC client - premium processing""]",0.9,True,,,"propietario bodegas vino Rioja, sommelier consultora internacional",[],"{""lactose_intolerance"": ""severe""}","{""shopping_with"": [""spouse""], ""gift_for"": [""child""]}",Profession includes 'propietario bodegas vino' and 'sommelier consultora internacional' -> wine_connoisseur. Shopping with spouse -> shopping_with_spouse. Child is an enologist continuing family tradition -> gift_for_child. Severe lactose intolerance detected.,,,
CA_115,2026-01-29,42 min,DE,"Frau Becker, 34, Opernsängerin international, neue Kundin hohes Potenzial.,. Sucht Qualitätsstücke Reisen Auftritte weltweit. Budget flexibel 13K besprochen. Stil elegant künstlerisch raffiniert, lieb...","[""creative_arts_music"", ""shopping_with_spouse"", ""gift_for_spouse"", ""art_collector"", ""travel_frequent""]",0.95,13K,first_visit,tier3_llm,0.0001,3,"[""Complex relationship dynamics detected""]",0.82,True,,,Opernsängerin international,[],"{""chemical_sensitivity"": ""moderate""}","{""shopping_with"": [""spouse""], ""gift_for"": [""spouse""]}",Profession 'Opernsängerin international' -> creative_arts_music. Shopping with partner -> shopping_with_spouse. Gift for spouse's birthday -> gift_for_spouse. Allergy to food colors indicates a chemical sensitivity with moderate severity.,,,
CA_116,2026-01-30,30 min,FR,"M,. Leroy, 44 ans, journaliste reporter grands médias, client occasionnel depuis 2022. Achat sac voyage solide léger zones parfois difficiles. que,. Budget 4K,. par exemple fonctionnel discret, cuir n...",[],0.5,,,tier2_nlp,0.0,2,"[""Medium complexity (188 tokens), NLP suitable""]",0.78,True,{},"[""Leroy"", ""ans"", ""grands médias"", ""client"", ""zones"", ""journaliste"", ""voyage"", ""événements"", ""reporter grands"", ""Leica.""]",,,,,,,,
CA_117,2026-01-30,48 min,EN,"Dr if you will.,. and Mrs something,.,. Hamilton, both 58, distinguished academics philosophy literature, regular VIP clients since 2016,. in a I see way, to some extent,. Shopping session new season ...","[""creative_arts_visual"", ""shopping_with_spouse"", ""gift_for_spouse"", ""anniversary_gift"", ""travel_frequent"", ""art_collector""]",0.95,19K,VIC,tier3_llm,0.0001,3,"[""VIP/VIC client - premium processing""]",0.9,True,,,"Philosophy professor, Literature critic",[],{},"{""shopping_with"": [""spouse""], ""gift_for"": [""spouse""]}","Clients are distinguished academics in philosophy and literature, indicating tags related to creative arts. Shopping together for anniversary gifts -> shopping_with_spouse and gift_for_spouse. Budget is specified as 19K, indicating high flexibility.",,,
CA_118,2026-01-31,33 min,IT,"Signor Marini, 39 anni, chef ristorante due stelle Michelin, cliente nuovo potenziale eccellente che,.,. Cerca regalo compagna 35 anni anniversario fidanzamento., più o per esempio meno. Budget 7K se ...","[""entrepreneur_hospitality"", ""gift_for_spouse"", ""anniversary_gift"", ""pescatarian"", ""artisan_craft_appreciation""]",0.9,5k-10k,Prospect,tier3_llm,0.0001,3,"[""Complex relationship dynamics detected""]",0.82,True,,,Chef ristorante due stelle Michelin,[],{},"{""shopping_with"": [""spouse""], ""gift_for"": [""spouse""]}",Specific profession 'chef ristorante due stelle Michelin' -> entrepreneur_hospitality. Shopping for anniversary gift for his partner -> gift_for_spouse + anniversary_gift. Pescatarian preference noted -> pescatarian tag.,,,
CA_119,2026-01-31,36 min,ES,"Sra, que. Navarro, 50 años, galerista arte contemporáneo sí galería propia, clienta VIP desde 2018 más o menos, en alguna forma,. Renueva colección bolsos nuevas exposiciones eventos galería. Presupue...","[""creative_arts_visual"", ""art_collector"", ""shopping_alone"", ""sustainable_values"", ""vegan"", ""latex_allergy""]",0.95,10K,VIC,tier3_llm,0.0001,3,"[""VIP/VIC client - premium processing""]",0.9,True,,,Galerista arte contemporáneo,[],"{""latex_allergy"": ""severe""}","{""shopping_with"": [], ""gift_for"": []}",Profession 'galerista arte contemporáneo' -> creative_arts_visual. Client is a VIP since 2018 -> client_status VIC. Budget of 10K indicates high spending capacity. 'Vegana' and 'convicción ética fuerte' indicate sustainable_values and vegan lifestyle. 'Alergia látex importante' indicates severe latex allergy.,,,
CA_120,2026-02-03,40 min,DE,"Herr und Frau Zimmermann, beide 46, regelmäßige Kunden seit 2019. Einkauf Frühjahrskollektion plus Geschenke Eltern beide Seiten. Budget zusammen 14K flexibel,. Er Investmentbanker Luxembourg, sie Inn...","[""finance_investment"", ""interior_design"", ""shopping_with_spouse"", ""gift_for_child""]",0.9,14K,Regular,tier3_llm,0.0001,3,"[""Complex relationship dynamics detected""]",0.82,True,,,"Investmentbanker, Innenarchitektin",[],{},"{""shopping_with"": [""spouse""], ""gift_for"": [""child""]}",Profession includes 'Investmentbanker' -> finance_investment and 'Innenarchitektin' -> interior_design. Shopping together as a couple -> shopping_with_spouse. Gift for children noted -> gift_for_child.,,,
CA_121,2026-02-03,26 min,FR,"Mme Dubois, 33 ans, avocate droit affaires cabinet international, nouvelle cliente potentiel élevé. Cherche sac travail élégant fonctionnel déplacements fréquents.,. Budget 5K. professionnel moderne, ...","[""leather_goods"", ""ready_to_wear"", ""gift_for_fiancé""]",0.85,5K-10K,first_visit,tier2_ollama,0.0,2,"[""Medium complexity (197 tokens), NLP suitable""]",0.78,False,,,legal_aviation,"[""nickel_allergy""]",,"{""shopping_with"": [], ""gift_for"": [""fiancé""]}","Mme Dubois est une avocate d'affaires, nouvelle cliente potentiel avec un budget de 5K-10K pour un sac élégant et fonctionnel. Elle a des préférences en matière de cuir noir et hardware argenté. Elle voyage régulièrement et pratique le yoga. Elle est végane et a une allergie au nickel. Son fiancé, également avocat dans le même cabinet, est l'objet d'un cadeau potentiel.","[""vegan""]",,
CA_122,2026-02-04,44 min,EN,"Mr. Roberts, 62, retired hedge fund manager, Mrs. Roberts, 59, former gallerist, VIP clients since 2013,.,. Major shopping session celebrate sold London home moving permanently Provence I see, so. Bud...","[""finance_investment"", ""creative_arts_visual"", ""art_collector"", ""wine_connoisseur"", ""opera_theater"", ""travel_frequent"", ""heritage_importance"", ""budget_very_flexible""]",0.95,25k+,VIC,tier3_llm,0.0001,3,"[""RGPD keywords detected: ['party']""]",0.95,False,,,"retired hedge fund manager, former gallerist",[],"{""gluten_intolerance"": ""moderate""}","{""shopping_with"": [""spouse""], ""gift_for"": [""child""]}",Profession includes 'hedge fund manager' and 'gallerist' -> finance_investment and creative_arts_visual. Shopping with spouse -> shopping_with_spouse. Gift opportunities for adult children -> gift_for_child. Dietary restriction due to gout -> gluten_intolerance with moderate severity.,,,
CA_123,2026-02-04,31 min,IT,"Signora Ricci, 44 anni, psicologa clinica studio privato, cliente regolare dal 2020. Cerca rinnovo borse professionali primavera,.,. Budget 6K. Stile elegante discreto professionale, preferisce colori...","[""ready_to_wear"", ""leather_goods"", ""shopping_with_spouse"", ""gift_for_child"", ""gift_for_parent""]",0.85,5K-10K,regular,tier2_ollama,0.0,2,"[""Medium complexity (212 tokens), NLP suitable""]",0.78,False,,,legal_profession,[],,"{""shopping_with"": [""spouse""], ""gift_for"": [""child"", ""parent""]}","La cliente è una psicologa clinica con un budget di 6K, cerca borse professionali per la primavera in stile elegante e discreto, preferendo colori neutri come beige e grigio navy. Ha un figlio che studia medicina e una figlia architetto paesaggista a Firenze.","[""vegetarian""]",,
CA_124,2026-02-05,37 min,ES,"Sr. García y Sra.,. García, pareja 38-40 años, nuevos clientes alto potencial,. Él fundador startup tecnología vendida recientemente, ella diseñadora moda freelance. Celebran éxito financiero reciente...","[""entrepreneur_tech"", ""creative_fashion_industry"", ""vegan"", ""sustainable_values"", ""travel_frequent""]",0.95,18K,first_visit,tier3_llm,0.0001,3,"[""RGPD keywords detected: ['trans']""]",0.95,False,,,"fundador startup tecnología, diseñadora moda freelance",[],{},"{""shopping_with"": [""spouse""], ""gift_for"": []}",Specific professions 'fundador startup tecnología' -> entrepreneur_tech and 'diseñadora moda freelance' -> creative_fashion_industry. Shopping together as a couple -> shopping_with_spouse. No allergies mentioned.,,,
CA_125,2026-02-05,29 min,DE,"Frau Müller, 51, Chefredakteurin Mode-Magazin, regelmäßige Kundin seit 2018.,. Sucht neue Taschen Frühjahrssaison berufliche Events zahlreich,. Budget 8K. Stil avantgardistisch modern, liebt mutige Fa...","[""ready_to_wear"", ""travel_luggage""]",0.85,5K-10K,regular,tier2_ollama,0.0,2,"[""Medium complexity (221 tokens), NLP suitable""]",0.78,False,,,legal_*.media_*,"[""nickel_allergy""]",,"{""shopping_with"": [], ""gift_for"": []}","Client is a regular customer, looking for new bags and luggage for professional events with a budget of 8K. She has specific style preferences and travels frequently to fashion weeks. No mention of shopping with or giving gifts.","[""vegetarian""]",,
CA_126,2026-02-06,46 min,FR,"M, par exemple. et Mme Rousseau, couple 55-58 ans, clients VIP depuis 2015,. Session shopping importante collection printemps plus cadeaux anniversaire mariage 30 ans. Budget combiné 20K très flexible...","[""medical_specialist"", ""philanthropy"", ""shopping_with_spouse"", ""gift_for_child"", ""anniversary_gift"", ""pescatarian""]",0.95,20K,VIC,tier3_llm,0.0001,3,"[""VIP/VIC client - premium processing""]",0.9,False,,,"Cardiologue chef service hôpital universitaire, philanthrope présidente fondation caritative enfants",[],"{""lactose_intolerance"": ""severe""}","{""shopping_with"": [""spouse""], ""gift_for"": [""child""]}",Profession includes 'cardiologue' -> medical_specialist. Shopping as a couple -> shopping_with_spouse. Gifts for their anniversary -> anniversary_gift. They have three adult children -> gift_for_child. Pescetarian lifestyle noted -> pescatarian. Severe lactose intolerance mentioned.,,,
CA_127,2026-02-06,34 min,EN,"Ms. Taylor, 29, professional dancer ballet company, new client interesting potential. Looking for pieces celebrate promotion principal dancer,. Budget 4K initial, likely increase future success,. Styl...","[""watches"", ""jewelry"", ""ready_to_wear"", ""gift_for_partner""]",0.85,5K-10K,first_visit,tier2_ollama,0.0,2,"[""Medium complexity (262 tokens), NLP suitable""]",0.78,False,,,dance_athlete,"[""shellfish_allergy""]",,"{""shopping_with"": [], ""gift_for"": [""partner""]}","The client is a professional dancer with a strict plant-based diet and a severe shellfish allergy. She is looking for elegant, durable pieces that combine beauty and practicality for her active lifestyle. The budget is around 4K-10K, and she mentioned an upcoming anniversary gift opportunity.","[""vegetarian""]",,
CA_128,2026-02-07,41 min,IT,"Signor e Signora Conti, entrambi 50 anni, clienti fedeli dal 2016.,. Shopping sessione primavera più regali genitori che entrambi lati famiglia. Budget combinato 17K flessibile,., se, per esempio. Lui...","[""watches"", ""shoes"", ""ready_to_wear"", ""travel_luggage"", ""jewelry"", ""leather_goods"", ""shopping_with_spouse"", ""gift_for_parent"", ""gift_for_child""]",0.85,10K-20K,regular,tier2_ollama,0.0,2,"[""Medium complexity (276 tokens), NLP suitable""]",0.78,False,,,"legal_*, creative_*",[],,"{""shopping_with"": [""spouse""], ""gift_for"": [""parent"", ""child""]}","Il cliente menziona due professioni (avvocato e giornalista), entrambi con stile di vita intenso e pubblico, quindi richiedono abbigliamento e accessori eleganti. Il budget è flessibile ma in un range medio-alto. I regali sono per i genitori e il figlio fotografo.","[""vegetarian""]",,
CA_129,2026-02-07,28 min,ES,"Sra. Morales, 36 años, arquitecta estudio propio proyectos sostenibles, nueva clienta potencial muy. Busca bolso trabajo reuniones clientes importante causar impresión profesional., veis. Presupuesto ...","[""sustainable_values"", ""vegan"", ""shopping_with_spouse""]",0.9,5k-10k,first_visit,tier3_llm,0.0001,3,"[""RGPD keywords detected: ['trans']""]",0.95,False,,,arquitecta estudio propio proyectos sostenibles,[],"{""latex_allergy"": ""severe""}","{""shopping_with"": [""spouse""], ""gift_for"": []}",Specific profession 'arquitecta estudio propio proyectos sostenibles' -> architect_green. Shopping with spouse -> shopping_with_spouse. Severe latex allergy detected -> latex_allergy with severity severe.,,,
CA_130,2026-02-10,43 min,DE,"Herr Schneider, 47, Neurochirurg Universitätsklinik, Frau Schneider, 45, Professorin Neurowissenschaften, exzellente Kunden seit 2017,. Große Einkaufssession Frühling plus Geschenke Kinder Hochschulab...","[""medical_surgeon"", ""medical_specialist"", ""shopping_with_spouse"", ""gift_for_child"", ""graduation_gift"", ""vegetarian"", ""art_collector""]",0.95,21K,Regular,tier3_llm,0.0001,3,"[""Complex relationship dynamics detected""]",0.82,False,,,Neurochirurg,[],{},"{""shopping_with"": [""spouse""], ""gift_for"": [""child""]}","Profession 'Neurochirurg' -> medical_surgeon. Shopping with spouse -> shopping_with_spouse. Gifts for children's graduations -> gift_for_child + graduation_gift. Both are vegetarians, which is relevant to their lifestyle.",,,
CA_131,2026-02-10,35 min,FR,"Mme Martin, 42 ans, créatrice mode marque propre succès croissant, cliente occasionnelle depuis 2021,. Recherche pièces inspiration designs également usage personnel. Budget 7K environ.,. avant-gardis...","[""ready_to_wear"", ""creative_*, media_*""]",0.85,5K-10K,occasional,tier2_ollama,0.0,2,"[""Medium complexity (238 tokens), NLP suitable""]",0.78,False,,,creative_*,"[""nickel_allergy""]",,"{""shopping_with"": [], ""gift_for"": []}","La cliente es una creadora de moda con un éxito creciente, busca piezas inspiradoras tanto para uso personal como para su nueva colección. Su presupuesto está alrededor de los 7K. Es végana y tiene una alergia al níquel.","[""vegan""]",,
CA_132,2026-02-11,39 min,EN,"Mr., I see. and Mrs. Lee, both 52, regular clients since 2018,. He's investment banker private equity, she's interior designer high-end residential projects. Shopping new season plus gifts something p...","[""finance_investment"", ""creative_arts_visual"", ""interior_design"", ""art_collector"", ""travel_frequent"", ""pescatarian""]",0.95,15K,Regular,tier3_llm,0.0001,3,"[""Complex relationship dynamics detected""]",0.82,False,,,"investment banker private equity, interior designer high-end residential projects",[],"{""latex_allergy"": ""moderate""}","{""shopping_with"": [""spouse""], ""gift_for"": [""parent""]}",Profession includes 'investment banker private equity' -> finance_investment and 'interior designer high-end residential projects' -> creative_arts_visual + interior_design. Shopping together as a couple -> shopping_with_spouse. Gifts for parents' birthdays -> gift_for_parent. Latex allergy detected -> severity moderate.,,,
CA_133,2026-02-11,32 min,IT,"Signora Bellini, 38 anni, violinista orchestra filarmonica, nuova cliente potenziale interessante che,. Cerca borse viaggio tournée internazionali frequenti proteggere strumento prezioso. Budget 6K in...","[""travel_luggage"", ""leather_goods"", ""gift_for_child""]",0.85,5K-10K,first_visit,tier2_ollama,0.0,2,"[""Medium complexity (240 tokens), NLP suitable""]",0.78,False,,,legal_arts_musician,"[""nickel_allergy""]",,"{""shopping_with"": [], ""gift_for"": [""child""]}","La cliente è una violinista orchestra filarmonica con un budget iniziale di 6K, interessata a borse viaggio per la sua tournée internazionale e collezione di spartiti. Ha specificato preferenze stilistiche e allergie.","[""vegetarian""]",,
CA_134,2026-02-12,47 min,ES,"Sr sí. Vega por ejemplo y Sra. Vega, pareja 60-62 años, clientes VIP excelentes desde 2014.,. Shopping sesión grande colección primavera más regalos hijos nietos múltiples ocasiones, sí. Presupuesto m...","[""interior_design"", ""travel_frequent"", ""artisan_craft_appreciation"", ""pescatarian"", ""budget_very_flexible""]",0.95,23K,VIC,tier3_llm,0.0001,3,"[""VIP/VIC client - premium processing""]",0.9,False,,,"Empresario construcción retirado, decoradora interiores",[],"{""gluten_intolerance"": ""severe""}","{""shopping_with"": [""spouse""], ""gift_for"": [""child"", ""grandchild""]}",Profession includes 'empresario construcción' and 'decoradora interiores' -> entrepreneur_construction and interior_design. Shopping together as a couple -> shopping_with_spouse. Gifts for children and grandchildren -> gift_for_child and gift_for_grandchild. Severe gluten intolerance detected.,,,
CA_135,2026-02-12,30 min,DE,"Frau Wagner, 35, Softwareentwicklerin Tech-Unternehmen Führung, neue Kundin wie hohes Potenzial. Sucht Qualitätsstücke nach Beförderung Teamleiterin. Budget 9K heute mehr zukünftig wahrscheinlich. wei...","[""tech_"", ""ready_to_wear"", ""shoes"", ""shopping_with_partner""]",0.85,10K-20K,first_visit,tier2_ollama,0.0,2,"[""Medium complexity (249 tokens), NLP suitable""]",0.78,False,,,tech_,[],,"{""shopping_with"": [""partner""], ""gift_for"": []}","Die Kundin ist eine Softwareentwicklerin aus der Tech-Branche, hat ein hohes Einkommen und sucht nach Qualitätssachen. Sie reist regelmäßig zu Konferenzen in Silicon Valley und Tokyo. Sie ist vegan und interessiert an Innovationen und Materialien. Ihr Partner arbeitet ebenfalls in der Tech-Branche.","[""vegan""]",,
CA_136,2026-02-13,36 min,FR,"M. Durand, 48 ans, chirurgien orthopédiste clinique privée, client régulier depuis 2019. Achat sacs nouveaux collection printemps usage professionnel déplacements hôpitaux. Budget 6500€. classique pro...","[""watches"", ""leather_goods"", ""shoes"", ""gift_for_spouse"", ""gift_for_child""]",0.85,5K-10K,regular,tier2_ollama,0.0,2,"[""Medium complexity (211 tokens), NLP suitable""]",0.78,False,,,medical_doctor,"[""latex_allergy""]",,"{""shopping_with"": [], ""gift_for"": [""spouse"", ""child""]}","Le client est un chirurgien orthopédiste, a un budget de 6500€ pour des sacs et montres, mentionne une allergie latex et est pescétarien pour certains événements. Il achète régulièrement en tant que client fidèle.","[""vegetarian""]",,
CA_137,2026-02-13,44 min,EN,"Mrs.,. Wilson, 41, former professional athlete turned sports commentator TV, new client high potential. Looking for wardrobe upgrade new TV career requiring polished appearance.,. Budget 11K initial p...","[""media_professional"", ""shopping_with_children"", ""gift_for_child"", ""travel_frequent"", ""sustainable_values""]",0.9,10k-15k,first_visit,tier3_llm,0.0001,3,"[""VIP/VIC client - premium processing""]",0.9,False,,,former professional athlete turned sports commentator,[],"{""nut_allergy"": ""severe""}","{""shopping_with"": [""children""], ""gift_for"": [""child""]}",Profession as a sports commentator aligns with media_professional. Shopping with teenage children indicates shopping_with_children. Gift opportunities for children suggest gift_for_child. Severe nut allergy noted.,,,
CA_138,2026-02-14,31 min,IT,"Signor Russo, 53 anni, direttore creativo così agenzia pubblicità importante, cliente VIP dal 2017. Rinnova collezione borse primavera più regalo moglie San Valentino,. Budget 12K combinato. Lui mondo...","[""creative_arts_visual"", ""shopping_with_spouse"", ""gift_for_spouse"", ""graduation_gift"", ""photography_collector"", ""pescatarian""]",0.95,12K,VIC,tier3_llm,0.0001,3,"[""VIP/VIC client - premium processing""]",0.9,False,,,direttore creativo agenzia pubblicità,[],"{""chemical_sensitivity"": ""severe""}","{""shopping_with"": [""spouse""], ""gift_for"": [""spouse""]}",Profession 'direttore creativo agenzia pubblicità' -> creative_arts_visual. Shopping with wife -> shopping_with_spouse. Gift for wife for Valentine's Day -> gift_for_spouse. Mention of 'allergia profumi forti' indicates severe chemical sensitivity.,,,
CA_139,2026-02-14,38 min,ES,"Sra, que más o menos. Jiménez, 44 años, abogada derechos humanos ONG internacional, nueva clienta potencial muy interesante. Busca piezas calidad durabilidad viajes misiones frecuentes zonas difíciles...","[""travel_frequent"", ""sustainable_values"", ""artisan_craft_appreciation"", ""philanthropy"", ""vegan""]",0.9,5k-10k,Prospect,tier3_llm,0.0001,3,"[""RGPD keywords detected: ['trans']""]",0.95,False,,,Abogada derechos humanos ONG internacional,[],{},"{""shopping_with"": [], ""gift_for"": []}",Specific profession 'abogada derechos humanos ONG internacional' -> legal_human_rights. Frequent traveler for humanitarian missions -> travel_frequent. Values sustainability and artisan craft appreciation. Budget specified as 5K.,,,
CA_140,2026-02-17,42 min,DE,"Herr und Frau Koch, beide 49, treue Kunden seit 2015. Großer Einkauf Frühjahrskollektion plus wie Geschenke Jubiläum 20 Jahre Ehe. Budget sehr flexibel besprochen 19K. sag mal,. Er Architekt eigenes B...","[""entrepreneur_real_estate"", ""creative_arts_visual"", ""sustainable_values"", ""budget_very_flexible"", ""anniversary_gift""]",0.9,19K,Regular,tier3_llm,0.0001,3,"[""Complex relationship dynamics detected""]",0.82,False,,,"Architekt, Landschaftsarchitektin",[],{},"{""shopping_with"": [""spouse""], ""gift_for"": []}",Profession as 'Architekt' and 'Landschaftsarchitektin' -> entrepreneur_real_estate and creative_arts_visual. Shopping together as a couple -> shopping_with_spouse. Anniversary gift for their 20 years of marriage -> anniversary_gift. Budget is flexible and discussed as 19K.,,,
CA_141,2026-02-17,29 min,FR,"Mme Blanc, 37 ans, cheffe restaurant gastronomique étoile Michelin, nouvelle cliente potentiel excellent,., que,. Recherche sac élégant usage quotidien par exemple restaurant événements culinaires., p...","[""ready_to_wear"", ""leather_goods""]",0.85,5K-10K,first_visit,tier2_ollama,0.0,2,"[""Medium complexity (272 tokens), NLP suitable""]",0.78,False,,,legal_*. chef de cuisine,"[""nut_allergy""]",,"{""shopping_with"": [], ""gift_for"": []}","La cliente est une cheffe de cuisine gastronomique avec un budget de 5500€ pour un sac élégant et pratique, sans mention de shopping avec ou pour qui.","[""vegetarian""]",,
CA_142,2026-02-18,45 min,EN,"Mr. Thompson, 55, CEO pharmaceutical company, Mrs. Thompson, 52, board member multiple charities, VIP clients since 2014. Major shopping session spring collection plus gifts children grandchildren mul...","[""corporate_executive_c_level"", ""philanthropy"", ""art_collector"", ""travel_frequent"", ""pescatarian""]",0.95,26K,VIC,tier3_llm,0.0001,3,"[""VIP/VIC client - premium processing""]",0.9,False,,,CEO pharmaceutical company,[],"{""nickel_allergy"": ""moderate""}","{""shopping_with"": [""spouse""], ""gift_for"": [""child"", ""grandchild""]}","Profession 'CEO pharmaceutical company' -> corporate_executive_c_level. Shopping with spouse -> shopping_with_spouse. Gifts for children and grandchildren -> gift_for_child + gift_for_spouse. Budget discussed is 26K, indicating high flexibility.",,,
CA_143,2026-02-18,33 min,IT,"Signora Rizzo, 46 anni, psicoterapeuta studio privato clientela alto profilo, cliente regolare dal 2020. Cerca rinnovo borse professionali primavera presentazione importante. Budget 7K.,. un po' Stile...","[""shopping_with_spouse"", ""gift_for_child"", ""vegetarian"", ""wellness_yoga""]",0.95,5k-10k,Regular,tier3_llm,0.0001,3,"[""RGPD keywords detected: ['burnout']""]",0.95,False,,,Psicoterapeuta,[],{},"{""shopping_with"": [""spouse""], ""gift_for"": [""child""]}",Specific profession 'psicoterapeuta' -> psychotherapist. Shopping with husband -> shopping_with_spouse. Gift for daughter -> gift_for_child. Vegetarian choice noted -> vegetarian tag. Interest in wellness and yoga -> wellness_yoga.,,,
CA_144,2026-02-19,37 min,ES,"Sr. de alguna manera,. Moreno, 41 años, productor musical discos platino múltiples artistas, nuevo cliente potencial muy alto.,. Busca piezas lujo celebrar éxito reciente álbum número uno charts más o...","[""creative_arts_music"", ""shopping_with_spouse"", ""sustainable_values"", ""artisan_craft_appreciation"", ""innovation_interest""]",0.9,14K,Prospect,tier3_llm,0.0001,3,"[""RGPD keywords detected: ['trans']""]",0.95,False,,,productor musical,[],"{""pollen_allergy"": ""severe""}","{""shopping_with"": [""spouse""], ""gift_for"": []}",Profession 'productor musical' -> creative_arts_music. Shopping with girlfriend -> shopping_with_spouse. Severe pollen allergy detected. Interest in luxury pieces and innovation indicates sustainable_values and artisan_craft_appreciation.,,,
CA_145,2026-02-19,40 min,DE,"Frau Fischer, 50, Chefärztin Kardiologie Krankenhaus, regelmäßige Kundin seit 2018. Sucht Taschen neue Saison berufliche Konferenzen zahlreich.,. Budget 9K.,. Stil professionell elegant zeitlos, bevor...","[""watches"", ""shoes"", ""ready_to_wear"", ""travel_luggage""]",0.85,5K-10K,regular,tier2_ollama,0.0,2,"[""Medium complexity (244 tokens), NLP suitable""]",0.78,False,,,legal_medical,"[""penicillin_allergy""]",,"{""shopping_with"": [], ""gift_for"": []}","Die Kundin ist eine regelmäßige Kundin mit einem Budget von 9K, arbeitet im medizinischen Bereich und interessiert sich für Taschen, Schuhe und Kleidung in professionellen Farben. Sie hat eine Penicillin-Allergie und ist Vegetarierin.","[""vegetarian""]",,
CA_146,2026-02-20,34 min,FR,"M. Garnier, 43 ans, directeur artistique maison haute couture, client VIP depuis 2016, pour ainsi dire.,. Renouvelle collection accessoires plus cadeaux équipe studio création. Budget 11K flexible.,. ...","[""creative_fashion_industry"", ""shopping_with_spouse"", ""gift_for_spouse"", ""high_network_documented"", ""art_collector"", ""sustainable_values"", ""innovation_interest""]",0.95,11K,VIC,tier3_llm,0.0001,3,"[""VIP/VIC client - premium processing""]",0.9,False,,,directeur artistique maison haute couture,[],"{""chemical_sensitivity"": ""severe""}","{""shopping_with"": [""spouse""], ""gift_for"": [""spouse""]}",Profession 'directeur artistique maison haute couture' -> creative_fashion_industry. Shopping with partner in fashion -> shopping_with_spouse. Gift for spouse implied. Allergy to certain textile dyes is severe -> chemical_sensitivity.,,,
CA_147,2026-02-20,48 min,EN,"Dr., let me see, I see. and Mrs,. Anderson, both 56, academics anthropology archaeology, regular VIP clients since 2015. Shopping session spring collection plus gifts family upcoming expedition celebr...","[""shopping_with_spouse"", ""travel_frequent"", ""artisan_craft_appreciation""]",0.95,18K,VIC,tier3_llm,0.0001,3,"[""VIP/VIC client - premium processing""]",0.9,False,,,Archaeology professor and anthropologist,[],{},"{""shopping_with"": [""spouse""], ""gift_for"": [""child""]}",Profession identified as 'archaeology professor' and 'anthropologist' -> academic_professor and academic_anthropologist. Shopping with spouse -> shopping_with_spouse. Gift for children noted -> gift_for_children. High budget and frequent travel indicate lifestyle preferences.,,,
CA_148,2026-02-21,36 min,IT,"Signor Colombo, 48 anni, direttore finanziario multinazionale, cliente regolare dal 2019. Cerca borse viaggio lavoro spostamenti frequenti Europa Asia,.,. Budget 8K approssimativo. Stile professionale...","[""travel_luggage"", ""ready_to_wear""]",0.85,5K-10K,regular,tier2_ollama,0.0,2,"[""Medium complexity (235 tokens), NLP suitable""]",0.78,False,,,"finance_*,","[""nut_allergy""]",,"{""shopping_with"": [], ""gift_for"": []}","Il cliente è un direttore finanziario con un budget di circa 8K, cerca borse viaggio per i suoi spostamenti frequenti in Europa e Asia. Ha una preferenza per il nero e marrone, e menziona la collezione di orologi meccanici. Ha una dieta pescetariana e ha un'allergia ai crostacei.","[""vegetarian""]",,
CA_149,2026-02-21,32 min,ES,"Sra. Castro, 39 años, periodista investigativa premiada múltiples reconocimientos, nueva clienta potencial alto. Busca bolso trabajo resistente elegante reportajes campo.,. Presupuesto 6K inicial ves,...","[""ready_to_wear"", ""travel_luggage""]",0.8,5K-10K,first_visit,tier2_ollama,0.0,2,"[""Medium complexity (257 tokens), NLP suitable""]",0.78,False,,,legal_*,[],,"{""shopping_with"": [], ""gift_for"": []}","La cliente es una periodista investigativa que busca un bolso de trabajo resistente y elegante, con un presupuesto inicial de 6K. Su estilo es funcional y discreto, preferiendo colores oscuros y prácticos. No menciona alergias ni regímenes alimentarios específicos, pero es vegetariana para eventos. No menciona relaciones comerciales.","[""vegetarian""]",,
CA_150,2026-02-24,46 min,DE,"Herr und Frau Bauer, beide 51, treue Kunden seit 2016. Große Einkaufssession Frühjahr plus Silberhochzeit Geschenke gegenseitig, wie. gesehen,. Budget sehr flexibel besprochen 20K, ein wenig. Er Unter...","[""shopping_with_spouse"", ""milestone_celebration"", ""art_collector"", ""book_collector_rare""]",0.95,20K,Regular,tier3_llm,0.0001,3,"[""Complex relationship dynamics detected""]",0.82,False,,,"Unternehmensberater internationale Strategie, Personalentwicklung eigene Beratungsfirma",[],{},"{""shopping_with"": [""spouse""], ""gift_for"": [""child""]}",Profession indicates consulting in international strategy and personal development -> entrepreneur_consulting. Shopping together as a couple -> shopping_with_spouse. Gifts for children are frequent due to milestones -> gift_for_children + milestone_celebration. Interest in art and rare books -> art_collector + book_collector_rare.,,,
CA_151,2026-02-24,27 min,FR,"Mme Lefevre, 34 ans, avocate fiscaliste cabinet d'affaires, nouvelle cliente potentiel élevé. Cherche sac travail professionnel rendez-vous clients tribunaux,. Budget 4K initial.,. sobre élégant jurid...","[""leather_goods"", ""ready_to_wear""]",0.85,under_5K,first_visit,tier2_ollama,0.0,2,"[""Medium complexity (214 tokens), NLP suitable""]",0.78,False,,,legal_finance_,"[""pollen_allergy""]",,"{""shopping_with"": [], ""gift_for"": []}","La cliente est une avocate fiscaliste, a un budget initial de 4K et recherche un sac professionnel sobre et élégant pour des rendez-vous clients. Elle mentionne être végétarienne et avoir une allergie au pollen.","[""vegetarian""]",,
CA_152,2026-02-25,41 min,EN,"Mr what,., I see. Jackson, 48, film producer independent films festival circuit, new client very high potential,. Looking for pieces celebrate recent film Cannes selection official competition. Budget...","[""creative_arts_visual"", ""shopping_with_spouse"", ""vegan"", ""art_collector""]",0.95,16K,first_visit,tier3_llm,0.0001,3,"[""RGPD keywords detected: ['trans']""]",0.95,False,,,film producer independent films festival circuit,[],"{""gluten_intolerance"": ""severe""}","{""shopping_with"": [""spouse""], ""gift_for"": []}","Profession as 'film producer independent films festival circuit' aligns with creative_arts_visual. Shopping context indicates partner in film industry, hence shopping_with_spouse. Severe gluten allergy noted, hence gluten_intolerance with severity severe. Vegan lifestyle also mentioned, thus vegan tag.",,,
CA_153,2026-02-25,35 min,IT,"Signora Moretti, 52 anni, direttrice museo arte contemporanea città importante, cliente VIP dal 2018. Rinnovo collezione primavera più regali inaugurazione mostra grande,. Budget 10K flessibile.,. Sti...","[""creative_arts_visual"", ""art_collector"", ""pescatarian"", ""budget_very_flexible""]",0.95,10K,VIC,tier3_llm,0.0001,3,"[""VIP/VIC client - premium processing""]",0.9,False,,,direttrice museo arte contemporanea,[],"{""nickel_allergy"": ""severe""}","{""shopping_with"": [""partner""], ""gift_for"": [""child""]}",Profession 'direttrice museo arte contemporanea' aligns with 'creative_arts_visual'. Client is a VIP and has a flexible budget. Pescatarian lifestyle noted. Severe nickel allergy detected. Shopping context includes a partner and a child.,,,
CA_154,2026-02-26,32 min,ES,"Sr. Pérez, 40 años, empresario tecnología blockchain startup unicornio, nuevo cliente potencial altísimo.,. Busca establecer guardarropa lujo por ejemplo después exit exitoso empresa. Presupuesto extr...","[""entrepreneur_tech"", ""tech_enthusiast"", ""nft_digital_art_collector"", ""vegan"", ""sustainable_values"", ""artisan_craft_appreciation"", ""investment_mindset""]",0.95,20K+,Prospect,tier3_llm,0.0001,3,"[""RGPD keywords detected: ['trans']""]",0.95,False,,,empresario tecnología blockchain startup unicornio,[],{},"{""shopping_with"": [], ""gift_for"": []}","Specific profession 'empresario tecnología blockchain startup unicornio' -> entrepreneur_tech. Interest in NFTs and tech lifestyle indicates tech_enthusiast and nft_digital_art_collector. Vegan lifestyle and appreciation for artisan craft lead to vegan, sustainable_values, and artisan_craft_appreciation tags. Budget discussed is 20K+, indicating high flexibility.",,,
CA_155,2026-02-26,38 min,DE,"Frau Weber, 45, Dirigentin Sinfonieorchester, regelmäßige Kundin seit 2019., sagen wir,. Sucht Taschen Saison plus Geschenke Orchestermusiker wichtige Jubiläen wie. Budget 11K.,. Stil elegant künstler...","[""creative_arts_music"", ""shopping_with_spouse"", ""gift_for_child"", ""milestone_celebration"", ""art_collector""]",0.95,10k-15k,Regular,tier3_llm,0.0001,3,"[""Complex relationship dynamics detected""]",0.82,False,,,Dirigentin Sinfonieorchester,[],{},"{""shopping_with"": [""spouse""], ""gift_for"": [""child""]}",Profession 'Dirigentin Sinfonieorchester' -> creative_arts_music. Shopping with partner -> shopping_with_spouse. Gift for daughter who is a violinist -> gift_for_child + milestone_celebration for important anniversaries.,,,
CA_156,2026-02-27,29 min,FR,"M. Mercier, 37 ans, data scientist entreprise tech IA, nouveau client potentiel.,. Cherche sac voyage professionnel déplacements clients fréquents,. Budget 6K,. tech moderne fonctionnel mais aime qual...","[""travel_luggage"", ""ready_to_wear"", ""gift_for_compagne"", ""gift_for_colleagues""]",0.85,5K-10K,first_visit,tier2_ollama,0.0,2,"[""Medium complexity (218 tokens), NLP suitable""]",0.78,False,,,tech_*. entrepreneur*,"[""nut_allergy""]",,"{""shopping_with"": [], ""gift_for"": [""compagne"", ""colleagues""]}","Client cherche un sac voyage professionnel pour déplacements fréquents, avec un budget de 6K. Professionnel tech IA et végétarien. Compagne designer UX et couple tech créatif. Mentionne cadeaux potentiels pour la compagne et collègues.","[""vegetarian""]",,
CA_157,2026-02-27,44 min,EN,"Mrs,.,. Rodriguez and Mr,.,. Rodriguez, both 50, regular VIP clients since 2017,. Major shopping spring collection plus gifts extended family numerous occasions. Combined budget 21K very flexible,. Sh...","[""entrepreneur_real_estate"", ""entrepreneur_tech"", ""interior_design"", ""art_collector"", ""book_collector_rare"", ""pescatarian"", ""heritage_importance"", ""budget_very_flexible""]",0.95,21k-25k,VIC,tier3_llm,0.0001,3,"[""VIP/VIC client - premium processing""]",0.9,False,,,Interior designer and real estate developer,[],{},"{""shopping_with"": [""spouse""], ""gift_for"": [""child""]}","Profession extracted as 'interior designer' and 'real estate developer' -> tags for entrepreneur_real_estate and entrepreneur_tech. Shopping together as a couple -> shopping_with_spouse. Mention of three children indicates gifts for them -> gift_for_child. Budget is combined and specified as 21K, indicating flexibility.",,,
CA_158,2026-02-28,30 min,IT,"Signor Vitale, 42 anni, giornalista economico quotidiano finanziario nazionale, cliente occasionale dal 2021. Cerca borsa professionale interviste trasferte economiche frequenti un po', se. Budget 5K,...","[""ready_to_wear"", ""leather_goods""]",0.85,5K-10K,occasional,tier2_ollama,0.0,2,"[""Medium complexity (233 tokens), NLP suitable""]",0.78,False,,,finance_*.journalist*,"[""nut_allergy""]",,"{""shopping_with"": [], ""gift_for"": []}","Il cliente è un giornalista economico con un budget di 5K-10K, cerca borse professionali per interviste e trasferte. Ha una collezione di prime pagine storiche e pratica tennis regolarmente. Ha una allergia ai crostacei e segue un regime pescetariano.","[""vegetarian""]",,
CA_159,2026-02-28,36 min,ES,"Sra,.,. Torres, 47 años, psicoanalista formación freudiana consultorio privado, clienta regular desde 2020. Renueva bolsos profesionales primavera consultorio pacientes alto ves perfil si quieres, ves...","[""leather_goods"", ""ready_to_wear""]",0.85,5K-10K,regular,tier2_ollama,0.0,2,"[""Medium complexity (250 tokens), NLP suitable""]",0.78,False,,,legal_*.psychanalyst,"[""latex_allergy""]",,"{""shopping_with"": [], ""gift_for"": []}","La clienta es una psicoanalista con un presupuesto de alrededor de 8K, busca bolsos profesionales y prendas elegantes y discretas. Es vegetariana y tiene una alergia a látex.","[""vegetarian""]",,
CA_160,2026-03-03,42 min,DE,"Herr und Frau Richter, beide 54, treue Kunden seit 2016 wie,. weißt du,. Großeinkauf Frühjahrskollektion plus Geschenke Kinder Meilensteine Karriere. Budget sehr flexibel besprochen 19K.,. Er Herzchir...","[""medical_surgeon"", ""medical_specialist"", ""shopping_with_spouse"", ""gift_for_child"", ""milestone_celebration"", ""sustainable_values"", ""artisan_craft_appreciation""]",0.95,19K,Regular,tier3_llm,0.0001,3,"[""Complex relationship dynamics detected""]",0.82,False,,,"Herzchirurg Universitätsklinik, Professorin Medizinethik",[],{},"{""shopping_with"": [""spouse""], ""gift_for"": [""child""]}","Profession includes 'Herzchirurg' and 'Professorin Medizinethik' -> medical_surgeon and medical_specialist. Shopping together as a couple -> shopping_with_spouse. Mention of gifts for children and milestone celebrations indicates gift_for_child and milestone_celebration. Budget is specified as 19K, indicating flexibility.",,,
CA_161,2026-03-03,28 min,FR,"Mme Arnaud, 40 ans, sommelière chef cave restaurant trois étoiles, nouvelle cliente potentiel excellent.,. Recherche sac élégant usage professionnel événements vins. Budget 5500€,. raffiné discret, cu...","[""watches"", ""leather_goods"", ""travel_luggage""]",0.8,5K-10K,first_visit,tier2_ollama,0.0,2,"[""Medium complexity (240 tokens), NLP suitable""]",0.78,False,,,legal_aviation,"[""perfume_sensitivity""]",,"{""shopping_with"": [], ""gift_for"": []}","La note mentionne des sacs pour usage professionnel, un budget de 5500€ et une profession de sommelière chef cave restaurant trois étoiles, mais ne précise pas clairement le shopping avec ou pour qui.","[""vegetarian""]",,
CA_162,2026-03-04,46 min,EN,"Dr.,. Thompson, 59, cardiologist private practice, Mrs, I see. Thompson, 57, former professor mathematics retired, so VIP clients since 2015,. Major shopping session spring collection plus gifts child...","[""medical_specialist"", ""shopping_with_spouse"", ""gift_for_child"", ""opera_theater"", ""book_collector_rare"", ""artisan_craft_appreciation"", ""vegetarian""]",0.95,24K,VIC,tier3_llm,0.0001,3,"[""VIP/VIC client - premium processing""]",0.9,False,,,cardiologist,[],"{""shellfish_allergy"": ""severe""}","{""shopping_with"": [""spouse""], ""gift_for"": [""child"", ""grandchild""]}",Profession 'cardiologist' -> medical_specialist. Shopping with spouse -> shopping_with_spouse. Gifts for children and grandchildren -> gift_for_child + gift_for_grandchild. Interest in opera and rare books -> opera_theater + book_collector_rare. Vegetarian lifestyle noted.,,,
CA_163,2026-03-04,33 min,IT,"Signora Esposito, così 38 anni, avvocata diritti umani organizzazione internazionale, nuova cliente potenziale interessante.,. Cerca borse resistenti eleganti missioni campo frequenti zone complicate,...","[""leather_goods"", ""travel_luggage"", ""ready_to_wear""]",0.85,5K-10K,first_visit,tier2_ollama,0.0,2,"[""Medium complexity (262 tokens), NLP suitable""]",0.78,False,,,legal_organizational_rights,"[""pollen_allergy""]",,"{""shopping_with"": [], ""gift_for"": []}","La cliente è una avvocata dei diritti umani che cerca borse resistenti e eleganti per missioni di campo frequenti, con un budget di 6K. È vegana per convinzione etica e ha allergie al pollen.","[""vegan""]",,
CA_164,2026-03-05,37 min,ES,"Sr, ves veis.,. Romero, 54 años, director orquesta sinfónica internacional renombre, cliente VIP desde 2017,.,. Compra importante temporada más regalos músicos orquesta jubilaciones. Presupuesto 13K f...","[""creative_arts_music"", ""shopping_with_spouse"", ""retirement_celebration"", ""artisan_craft_appreciation""]",0.95,13K,VIC,tier3_llm,0.0001,3,"[""VIP/VIC client - premium processing""]",0.9,False,,,director orquesta sinfónica,[],{},"{""shopping_with"": [""spouse""], ""gift_for"": [""child""]}",Profession 'director orquesta sinfónica' -> creative_arts_music. Shopping with spouse -> shopping_with_spouse. Gift for children due to family context -> gift_for_children. Retirement celebration indicated by 'jubilaciones' -> retirement_celebration. Appreciation for artisan craft noted in the context.,,,
CA_165,2026-03-05,40 min,DE,"Frau Klein, 43, Chefredakteurin Lifestyle-Magazin Premium, regelmäßige Kundin seit 2019. Sucht Taschen Frühling beruflich Events zahlreich Fashion Weeks ein bisschen.,. Budget 10K. Stil modern avantga...","[""ready_to_wear"", ""travel_luggage"", ""watches"", ""jewelry""]",0.85,10K-20K,regular,tier2_ollama,0.0,2,"[""Medium complexity (242 tokens), NLP suitable""]",0.78,False,,,legal_*,"[""nickel_allergy""]",,"{""shopping_with"": [], ""gift_for"": []}","Die Kundin ist eine Chefredakteurin, die regelmäßige Einkäufe macht und sich für Designer-Taschen, Uhren und Schmuck interessiert. Sie hat eine Nickelallergie und folgt einem Pescetarier-Diät.","[""vegetarian""]",,
CA_166,2026-03-06,31 min,FR,"M.,. Lambert, 35 ans, architecte spécialisé patrimoine restauration monuments, nouveau client potentiel. Cherche sac travail chantiers patrimoine rendez-vous institutions culturelles. Budget 5K. class...","[""leather_goods"", ""ready_to_wear""]",0.85,5K-10K,first_visit,tier2_ollama,0.0,2,"[""Medium complexity (252 tokens), NLP suitable""]",0.78,False,,,legal_aviateur,"[""nickel_allergy""]",,"{""shopping_with"": [], ""gift_for"": []}","Le client est un architecte spécialisé dans le patrimoine et la restauration, avec une passion pour l'escalade et les bâtiments historiques. Il a des préférences classiques et intemporelles en cuir, est végétarien et a une allergie sévère à la poussière sur les chantiers. Le client n'a pas d'enfants et est intéressé par les techniques traditionnelles de maroquinerie.","[""vegetarian""]",,
CA_167,2026-03-06,45 min,EN,"Mr more or less,. and Mrs. White, both 61, retired corporate executives, VIP clients since 2014. Major shopping celebration sold business recently significant liquidity event if you will,. Budget very...","[""corporate_executive_c_level"", ""shopping_with_spouse"", ""milestone_celebration"", ""pescatarian"", ""investment_mindset"", ""heritage_importance""]",0.95,27K,VIC,tier3_llm,0.0001,3,"[""VIP/VIC client - premium processing""]",0.9,False,,,retired corporate executives,[],"{""gout"": ""moderate""}","{""shopping_with"": [""spouse""], ""gift_for"": [""child""]}","Profession as retired corporate executives -> corporate_executive_c_level. Shopping together -> shopping_with_spouse. Gift opportunities for children -> gift_for_children. Major family celebration indicates milestone celebration. Pescatarian diet noted. Gout mentioned as dietary restriction, classified as moderate severity.",,,
CA_168,2026-03-07,34 min,IT,"Signor Gentile, 49 anni, professore filosofia università importante pubblicazioni internazionali, cliente regolare dal 2020,., per esempio. Cerca borse nuove primavera conferenze accademiche frequenti...","[""ready_to_wear"", ""leather_goods"", ""shopping_with_spouse"", ""gift_for_child""]",0.85,5K-10K,regular,tier2_ollama,0.0,2,"[""Medium complexity (275 tokens), NLP suitable""]",0.78,False,,,legal_academic,[],,"{""shopping_with"": [""spouse""], ""gift_for"": [""child""]}","Il cliente è un professore filosofia universitario, con un budget di 7K, interessato a borse nuove per la primavera e conferenze accademiche frequenti. È vegetariano per scelta etica e ha una relazione con sua moglie professoressa letteratura classica.","[""vegetarian""]",,
CA_169,2026-03-07,39 min,ES,"Sra.,. Silva, 45 años, directora fundación arte contemporáneo importante ciudad, clienta VIP desde 2018,. Compras temporada primavera más regalos artistas exposiciones veis inauguraciones,. Presupuest...","[""creative_arts_visual"", ""shopping_with_spouse"", ""gift_for_child"", ""art_collector"", ""vegan"", ""sustainable_values""]",0.95,12K flexible,VIC,tier3_llm,0.0001,3,"[""VIP/VIC client - premium processing""]",0.9,False,,,directora fundación arte contemporáneo,[],"{""latex_allergy"": ""severe""}","{""shopping_with"": [""spouse""], ""gift_for"": [""child""]}",Profession 'directora fundación arte contemporáneo' aligns with 'creative_arts_visual'. Shopping with spouse and gift for child inferred from family context. Vegan lifestyle and strong values indicate 'vegan' and 'sustainable_values'. Allergy to latex is severe.,,,
CA_170,2026-03-10,43 min,DE,"Herr und Frau Hoffmann, beide 47, regelmäßige Kunden seit 2018. Einkauf Frühjahr plus Geschenke Eltern beide Seiten Jubiläen, weißt du,. Budget zusammen 17K flexibel. Er Anwalt Wirtschaftsrecht intern...","[""legal_corporate"", ""finance_banking"", ""shopping_with_spouse"", ""gift_for_child"", ""milestone_anniversary_25_plus"", ""art_collector"", ""pescatarian"", ""investment_mindset""]",0.95,17K,Regular,tier3_llm,0.0001,3,"[""RGPD keywords detected: ['rechts']""]",0.95,False,,,"Anwalt Wirtschaftsrecht, Steuerberaterin",[],{},"{""shopping_with"": [""spouse""], ""gift_for"": [""child""]}",Profession 'Anwalt Wirtschaftsrecht' -> legal_corporate and 'Steuerberaterin' -> finance_banking. Shopping together as a couple -> shopping_with_spouse. Gift for children as they have two kids -> gift_for_child. Mention of anniversaries indicates milestone_anniversary_25_plus.,,,
CA_171,2026-03-10,29 min,FR,"Mme Bonnet, 36 ans, urbaniste consultante projets smart cities, nouvelle cliente potentiel intéressant. Cherche sac professionnel moderne réunions municipalités institutions. du coup. Budget 5500€.,. ...","[""sustainable_values"", ""vegan"", ""shopping_with_spouse""]",0.9,5k-10k,first_visit,tier3_llm,0.0001,3,"[""RGPD keywords detected: ['trans']""]",0.95,False,,,urbaniste consultante projets smart cities,[],"{""pollen_allergy"": ""moderate""}","{""shopping_with"": [""spouse""], ""gift_for"": []}",Profession 'urbaniste consultante projets smart cities' -> urban_planner. Budget of 5500€ fits '5k-10k'. Shopping with companion who is an engineer -> shopping_with_spouse. 'Allergie pollen urbain pollution' indicates moderate severity.,,,
CA_172,2026-03-11,47 min,EN,"Dr. Martinez, 56, surgeon trauma center, Mrs. if you what will. Martinez, 54, nurse educator hospital, VIP clients since 2016. Major shopping spring collection anniversary 25 years what marriage celeb...","[""medical_surgeon"", ""medical_specialist"", ""shopping_with_spouse"", ""gift_for_spouse"", ""milestone_anniversary_25_plus"", ""pescatarian"", ""lactose_intolerance""]",0.95,20K,VIP,tier3_llm,0.0001,3,"[""RGPD keywords detected: ['party']""]",0.95,False,,,surgeon trauma center,[],"{""lactose_intolerance"": ""moderate""}","{""shopping_with"": [""spouse""], ""gift_for"": [""spouse""]}","Profession 'surgeon trauma center' -> medical_surgeon. Shopping with spouse -> shopping_with_spouse. Gift for anniversary celebration -> gift_for_spouse + milestone_anniversary_25_plus. Pescatarian lifestyle noted. Lactose intolerance detected, severity set to moderate.",,,
CA_173,2026-03-11,32 min,IT,"Signora Caruso, 41 anni, psicoterapeuta infantile studio privato scuole, cliente regolare dal 2020 per esempio.,. Cerca borse nuove primavera lavoro scuole consultazioni. Budget 6K. Stile rassicurante...","[""shopping_with_spouse"", ""gift_for_child"", ""vegetarian"", ""wellness_yoga""]",0.9,5k-10k,Regular,tier3_llm,0.0001,3,"[""Complex relationship dynamics detected""]",0.82,False,,,Psicoterapeuta infantile,[],{},"{""shopping_with"": [""spouse""], ""gift_for"": [""child""]}","Specific profession 'psicoterapeuta infantile' -> psychotherapist_child. Shopping with husband -> shopping_with_spouse. Gift for children -> gift_for_child. Vegetarian choice noted, but no allergies detected.",,,
CA_174,2026-03-12,36 min,ES,"Sr. Ruiz, 50 años, piloto comercial aerolínea internacional capitán, nuevo cliente potencial., sí. Busca maletas bolsos viaje uso profesional constante vuelos, veis. Presupuesto 8K. Estilo funcional p...","[""travel_luggage"", ""leather_goods"", ""shopping_with_spouse"", ""gift_for_children""]",0.85,5K-10K,first_visit,tier2_ollama,0.0,2,"[""Medium complexity (217 tokens), NLP suitable""]",0.78,False,,,legal_aviation_professional,[],,"{""shopping_with"": [""spouse""], ""gift_for"": [""children""]}","El cliente es un piloto de aerolínea con un presupuesto de 8K, busca maletas y bolsos viaje para uso profesional constante. Es pescetario y no menciona alergias.","[""pescetarian""]",,
CA_175,2026-03-12,41 min,DE,"Frau Schulz, 44, Verlegerin Buchverlag literarisch, Herr Schulz, 46, Literaturagent, Kunden VIP seit 2017.,. Shopping Frühjahrskollektion plus Geschenke Autoren Agenten Jubiläen.,. Budget zusammen 16K...","[""creative_arts_visual"", ""shopping_with_spouse"", ""gift_for_child"", ""budget_very_flexible""]",0.9,16K,VIC,tier3_llm,0.0001,3,"[""VIP/VIC client - premium processing""]",0.9,False,,,Verlegerin Buchverlag literarisch,[],{},"{""shopping_with"": [""spouse""], ""gift_for"": []}","Profession 'Verlegerin Buchverlag literarisch' aligns with creative_arts_visual. Shopping with spouse indicates relationship dynamics. Budget is specified as 16K, which is very flexible.",,,
CA_176,2026-03-13,30 min,FR,"M,.,. Roux, 38 ans, photographe mode commercial campagnes internationales, nouveau client potentiel excellent,. Cherche sacs voyage équipement photo déplacements shootings constants. Budget 7K. à peu ...","[""travel_luggage"", ""ready_to_wear""]",0.85,5K-10K,first_visit,tier2_ollama,0.0,2,"[""Medium complexity (233 tokens), NLP suitable""]",0.78,False,,,creative_*. entrepreneur*,"[""latex_allergy""]",,"{""shopping_with"": [], ""gift_for"": []}","Le client est un photographe mode commercial, nouveau client potentiel avec un budget de 7K environ pour des sacs voyage et équipement photo. Il mentionne être créatif et entrepreneur, pratique le surf, et a une compagne styliste mode. Il suit une alimentation végétarienne et a une allergie au latex.","[""vegetarian""]",,
CA_177,2026-03-13,44 min,EN,"Mrs. Kim and Mr. Kim, both 49, regular VIP clients since 2016. He's venture capitalist tech startups, she's entrepreneur fashion e-commerce platform successful exit., what in a manner of speaking. Sho...","[""finance_investment"", ""entrepreneur_fashion"", ""shopping_with_spouse"", ""gift_for_child"", ""sustainable_values"", ""innovation_interest""]",0.95,20k-25k,VIC,tier3_llm,0.0001,3,"[""RGPD keywords detected: ['trans']""]",0.95,False,,,"venture capitalist tech startups, entrepreneur fashion e-commerce platform",[],{},"{""shopping_with"": [""spouse""], ""gift_for"": [""child""]}","Profession includes 'venture capitalist' and 'entrepreneur fashion' -> finance_investment and entrepreneur_fashion. Shopping together as a couple -> shopping_with_spouse. Children mentioned, indicating potential gifts for them -> gift_for_child. Interest in sustainable fashion and innovation aligns with sustainable_values and innovation_interest.",,,
CA_178,2026-03-14,33 min,IT,"Signor Lombardi, 52 anni, cardiologo interventista ospedale universitario, cliente regolare dal 2019,. un po',. Cerca borse professionali nuove primavera congressi medici frequenti., così. Budget 8K a...","[""watches"", ""leather_goods"", ""ready_to_wear"", ""shopping_with_spouse"", ""gift_for_child""]",0.85,5K-10K,regular,tier2_ollama,0.0,2,"[""Medium complexity (251 tokens), NLP suitable""]",0.78,False,,,legal_*. avocat d'affaires,"[""penicilline_allergy""]",,"{""shopping_with"": [""spouse""], ""gift_for"": [""child""]}","Le informations fournies indiquent que le client est un cardiologue interventiste, régulier depuis 2019, avec un budget d'environ 8K€ pour des articles professionnels de qualité. Il a une allergie à la pénicilline et suit un régime pescétarien. Le client voyage souvent pour des congrès médicaux et recherche des produits durables et fonctionnels.","[""pescetarian""]",,
CA_179,2026-03-14,38 min,ES,"Sra, en plan. Méndez, 40 años, directora recursos humanos corporación multinacional, nueva clienta potencial alto. Busca bolsos profesionales trabajo viajes negocios frecuentes ves,. Presupuesto 9K in...","[""leather_goods"", ""travel_luggage"", ""shopping_with_spouse"", ""gift_for_child""]",0.85,5K-10K,first_visit,tier2_ollama,0.0,2,"[""Medium complexity (251 tokens), NLP suitable""]",0.78,False,,,legal_aviation,[],,"{""shopping_with"": [""spouse""], ""gift_for"": [""child""]}","La cliente es una directora de recursos humanos que busca bolsos profesionales para viajes y negocios, con un presupuesto inicial de 9K. Es vegetariana y no tiene alergias mencionadas.","[""vegetarian""]",,
CA_180,2026-03-17,42 min,DE,"Herr und Frau Neumann, beide 53, treue Kunden seit 2015. Großeinkauf Frühjahr plus Silberhochzeit Feier Geschenke gegenseitig Familie.,. Budget sehr flexibel besprochen 21K,. Er Rechtsanwalt Verfassun...","[""legal_corporate"", ""legal_family"", ""shopping_with_spouse"", ""gift_for_spouse"", ""budget_very_flexible"", ""opera_theater"", ""vegetarian""]",0.95,21K,Regular,tier3_llm,0.0001,3,"[""RGPD keywords detected: ['rechts']""]",0.95,False,,,"Rechtsanwalt Verfassungsrecht Professor Universität, Richterin Oberlandesgericht",[],{},"{""shopping_with"": [""spouse""], ""gift_for"": [""spouse""]}",Profession includes 'Rechtsanwalt' and 'Richterin' -> legal_corporate and legal_family. Shopping together as a couple -> shopping_with_spouse. Gifts for each other for their anniversary -> gift_for_spouse. Budget is specified as very flexible at 21K.,,,
CA_181,2026-03-17,31 min,FR,"Mme Morel, 35 ans, cheffe pâtisserie restaurant étoilé Michelin, nouvelle cliente potentiel. Recherche sac élégant travail événements culinaires,., en gros. Budget 6K,.,. raffiné créatif pâtissier, cu...","[""ready_to_wear"", ""leather_goods"", ""shopping_with_spouse"", ""gift_for_self""]",0.85,5K-10K,first_visit,tier2_ollama,0.0,2,"[""Medium complexity (228 tokens), NLP suitable""]",0.78,False,,,legal_profession,"[""nut_allergy""]",,"{""shopping_with"": [""spouse""], ""gift_for"": [""self""]}","La cliente est une cheffe pâtisserie avec un budget de 6K, recherche un sac élégant pour des événements culinaires et a des allergies aux fruits à coque.","[""vegetarian""]",,
CA_182,2026-03-18,46 min,EN,"Mr. and Mrs something,. Lee, both 58, VIP clients since 2014., if you will,. Major shopping celebrating business milestone company IPO successful., I suppose. Combined budget 28K extremely flexible. H...","[""shopping_with_spouse"", ""milestone_celebration"", ""philanthropy""]",0.95,28K,VIC,tier3_llm,0.0001,3,"[""VIP/VIC client - premium processing""]",0.9,False,,,Founder CEO biotech company,[],"{""gluten_intolerance"": ""moderate""}","{""shopping_with"": [""spouse""], ""gift_for"": [""grandchild""]}",Profession 'Founder CEO biotech company' -> entrepreneur_biotech. Shopping with spouse -> shopping_with_spouse. Gift opportunities for grandchildren -> gift_for_grandchild. Major celebration for company IPO -> milestone_celebration. Philanthropic activities noted -> philanthropy.,,,
CA_183,2026-03-18,34 min,IT,"Signora Martini, 43 se anni, neurologa così ricerca malattie neurodegenerative università, cliente regolare dal 2020 se, se vuoi,. Cerca borse nuove primavera conferenze ricerca frequenti.,. Budget 7K...","[""ready_to_wear"", ""leather_goods"", ""shopping_with_spouse"", ""gift_for_child""]",0.85,5K-10K,regular,tier2_ollama,0.0,2,"[""Medium complexity (254 tokens), NLP suitable""]",0.78,False,,,legal_academic,[],,"{""shopping_with"": [""spouse""], ""gift_for"": [""child""]}","La cliente è una neurologa accademica con un budget di 7K, ricerca borse nuove e materiali innovativi per conferenze. È vegetariana e ha una relazione con un altro neuroscienziato. La famiglia include figli che studiano scienze.","[""vegetarian""]",,
CA_184,2026-03-19,37 min,ES,"Sr,. Castro, 46 años, arquitecto paisajista proyectos sostenibles importante, cliente ocasional desde 2021., veis. Busca que bolsos trabajo proyectos clientes reuniones,., por ejemplo,. Presupuesto 8K...","[""leather_goods"", ""travel_luggage"", ""ready_to_wear""]",0.85,5K-10K,occasional,tier2_ollama,0.0,2,"[""Medium complexity (251 tokens), NLP suitable""]",0.78,False,,,legal_*.entrepreneur*,"[""pollen_allergy""]",,"{""shopping_with"": [], ""gift_for"": []}","El cliente es un arquitecto paisajista con un estilo natural sostenible, busca bolsos y maletas para proyectos de clientes y reuniones. Su presupuesto está en torno a los 8K. Es vegetariano estricto y tiene una alergia al polen.","[""vegetarian""]",,
CA_185,2026-03-19,40 min,DE,"Frau Wagner, 48, Psychiaterin Klinik Psychotherapie, regelmäßige Kundin seit 2018, sag mal. Sucht Taschen Frühjahr beruflich Konferenzen Psychiatrie frequent,.,. Budget 9K.,. Stil professionell beruhi...","[""medical_specialist"", ""shopping_with_spouse"", ""vegetarian"", ""travel_frequent""]",0.95,9K,Regular,tier3_llm,0.0001,3,"[""RGPD keywords detected: ['psychiater', 'psychologe']""]",0.95,False,,,Psychiaterin Klinik Psychotherapie,[],{},"{""shopping_with"": [""spouse""], ""gift_for"": []}",Specific profession 'Psychiaterin Klinik Psychotherapie' -> medical_specialist. Regular client since 2018 indicates 'Regular' status. No allergies mentioned. Vegetarian lifestyle noted. Shopping context indicates she is shopping with her partner.,,,
CA_186,2026-03-20,29 min,FR,"M. Petit, 34 ans, ingénieur aérospatial startup satellites, nouveau client potentiel intéressant. Cherche sac voyage professionnel conférences spatiales. Budget 5K initial,. en fait,. tech moderne fon...","[""entrepreneur_tech"", ""shopping_with_spouse"", ""innovation_interest"", ""travel_frequent""]",0.9,5k-10k,first_visit,tier3_llm,0.0001,3,"[""RGPD keywords detected: ['trans']""]",0.95,False,,,Ingénieur aérospatial startup satellites,[],"{""altitude_sinus_allergy"": ""severe""}","{""shopping_with"": [""spouse""], ""gift_for"": []}",Profession 'ingénieur aérospatial startup satellites' -> entrepreneur_tech. Shopping with spouse -> shopping_with_spouse. Allergy to altitude sinus is severe. Budget specified as 5K. Client is a new potential client.,,,
CA_187,2026-03-20,45 min,EN,"Dr. Johnson, 55, oncologist research cancer treatments, Mrs.,. Johnson, 53, nurse oncology unit, VIP clients since 2016,. Shopping spring collection anniversary celebration 28 years marriage,. somethi...","[""medical_specialist"", ""shopping_with_spouse"", ""gift_for_spouse"", ""anniversary_gift"", ""pescatarian"", ""philanthropy""]",0.95,19K flexible,VIP,tier3_llm,0.0001,3,"[""RGPD keywords detected: ['cancer']""]",0.95,False,,,oncologist,[],"{""latex_allergy"": ""severe""}","{""shopping_with"": [""spouse""], ""gift_for"": [""spouse""]}",Profession 'oncologist' -> medical_specialist. Shopping with spouse for anniversary celebration -> shopping_with_spouse + gift_for_spouse + anniversary_gift. Pescatarian lifestyle noted. Severe latex allergy detected.,,,
CA_188,2026-03-21,32 min,IT,"Signor Ferrari, 50 anni, direttore così comunicazione azienda multinazionale, cliente regolare dal 2019,. Cerca borse nuove primavera viaggi lavoro comunicazione corporate frequenti.,. Budget 10K appr...","[""ready_to_wear"", ""travel_luggage"", ""shopping_with_spouse"", ""gift_for_children""]",0.85,10K-20K,regular,tier2_ollama,0.0,2,"[""Medium complexity (237 tokens), NLP suitable""]",0.78,False,,,legal_communication,[],,"{""shopping_with"": [""spouse""], ""gift_for"": [""children""]}","Il cliente è un direttore di comunicazione aziendale, cerca borse professionali per lavoro e viaggio. Ha un budget di circa 10K-20K. È un cliente regolare dal 2019. Pratica tennis e segue una dieta pescetariana. La moglie è giornalista televisiva e i figli sono studenti internazionali.","[""vegetarian""]",,
CA_189,2026-03-21,36 min,ES,"Sra, o sea. Herrera, 44 años, diseñadora interiores proyectos residenciales lujo, nueva clienta potencial alto. que. Busca bolsos elegantes trabajo clientes alto perfil. Presupuesto 11K flexible,. Est...","[""leather_goods"", ""ready_to_wear"", ""shopping_with_spouse"", ""gift_for_none""]",0.85,10K-20K,first_visit,tier2_ollama,0.0,2,"[""Medium complexity (239 tokens), NLP suitable""]",0.78,False,,,legal_designer,"[""nickel_allergy""]",,"{""shopping_with"": [""spouse""], ""gift_for"": [""none""]}","La cliente es una diseñadora de interiores con un perfil alto, busca bolsos elegantes para su trabajo y tiene un presupuesto flexible entre 10K-20K. Es vegetariana y tiene alergia al níquel.","[""vegetarian""]",,
CA_190,2026-03-24,43 min,DE,"Herr und Frau Fischer, beide 50, treue Kunden seit gesehen 2017 weißt du,. Einkauf Frühjahr plus Geschenke Jubiläum 20 Jahre Ehe Familie Freunde. Budget zusammen 18K flexibel. Er gesehen Zahnarzt eige...","[""medical_specialist"", ""shopping_with_spouse"", ""gift_for_child"", ""anniversary_gift"", ""vegetarian""]",0.9,18K,Regular,tier3_llm,0.0001,3,"[""VIP/VIC client - premium processing""]",0.9,False,,,Zahnarzt,[],{},"{""shopping_with"": [""spouse""], ""gift_for"": [""child""]}",Profession 'Zahnarzt' indicates 'medical_specialist'. Shopping with spouse -> 'shopping_with_spouse'. Gift for children studying medicine -> 'gift_for_child'. Anniversary celebration noted -> 'anniversary_gift'. Both are vegetarians -> 'vegetarian'.,,,
CA_191,2026-03-24,28 min,FR,"Mme Chevalier, 37 ans, responsable développement durable grande entreprise, nouvelle cliente potentiel.,. Recherche sac professionnel écologique si possible réunions stakeholders. Budget 5500€. modern...","[""sustainable_values"", ""vegan"", ""chemical_sensitivity""]",0.9,5k-10k,first_visit,tier3_llm,0.0001,3,"[""RGPD keywords detected: ['militant', 'trans']""]",0.95,False,,,responsable développement durable grande entreprise,[],"{""latex_allergy"": ""moderate"", ""chemical_sensitivity"": ""moderate""}","{""shopping_with"": [""spouse""], ""gift_for"": []}","Profession 'responsable développement durable grande entreprise' -> corporate_executive. Interest in ecological products and vegan lifestyle -> sustainable_values and vegan tags. Allergies to latex and chemical sensitivity detected, default severity set to moderate. Shopping context indicates she is with her partner.",,,
CA_192,2026-03-25,47 min,EN,"Mr., you know what,. and Mrs. Williams, both 60, VIP clients since 2015.,. Major shopping spring collection retirement celebration both careers successful. Combined budget 26K very flexible,., I see. ...","[""shopping_with_spouse"", ""retirement_celebration"", ""philanthropy"", ""book_collector_rare""]",0.95,20k-30k,VIC,tier3_llm,0.0001,3,"[""RGPD keywords detected: ['party', 'trans']""]",0.95,False,,,"CEO pharmaceutical company, hospital administrator healthcare executive",[],"{""nickel_allergy"": ""moderate""}","{""shopping_with"": [""spouse""], ""gift_for"": [""child""]}",Profession indicates high-level corporate roles in healthcare -> corporate_executive and healthcare_executive. Shopping with spouse and having four adult children leads to relationship dynamics tags. Retirement celebration is a key occasion. Philanthropy and rare book collection reflect their interests.,,,
CA_193,2026-03-25,33 min,IT,"Signora Bianchi, 46 anni, avvocata penalista casi alto profilo media, cliente regolare dal così 2020, che. Cerca borse professionali nuove primavera tribunali processi visibilità., così. Budget 8K,. i...","[""watches"", ""leather_goods"", ""ready_to_wear""]",0.85,5K-10K,regular,tier2_ollama,0.0,2,"[""Medium complexity (242 tokens), NLP suitable""]",0.78,False,,,legal_aviary,"[""perfume_sensitivity""]",,"{""shopping_with"": [], ""gift_for"": []}","La cliente è un avvocato penalista con un budget di 8K, preferisce borse professionali e stile autorevole. Non ha specificato chiacchiere dirette su shopping con o regali per qualcuno.","[""vegetarian""]",,
CA_194,2026-03-26,38 min,ES,"Sr. o sí sea,. Vázquez, 42 años, sommelier jefe restaurante tres estrellas Michelin, nuevo cliente potencial excelente. ves, veis,. Busca bolsos trabajo elegantes eventos vino alta gastronomía. Presup...","[""watches"", ""leather_goods"", ""travel_luggage""]",0.8,5K-10K,first_visit,tier2_ollama,0.0,2,"[""Medium complexity (243 tokens), NLP suitable""]",0.78,False,,,legal_*.avocat d'affaires,"[""sulfite_allergy""]",,"{""shopping_with"": [], ""gift_for"": []}","Le client est un sommelier de haut niveau, avec un budget initial de 7K. Il recherche des articles liés à la gastronomie et au vin, comme des sacs de travail et des montres. Il a une allergie aux sulfitos et suit un régime pescétarien.","[""pescetarian""]",,
CA_195,2026-03-26,41 min,DE,"Frau Meyer, 49, Gynäkologin Krankenhaus Chef Abteilung, regelmäßige Kundin seit 2018.,. Sucht Taschen Frühjahr Konferenzen Gynäkologie zahlreich, also.,. Budget 9K,.,. Stil medizinisch professionell e...","[""watches"", ""travel_luggage"", ""ready_to_wear""]",0.85,5K-10K,regular,tier2_ollama,0.0,2,"[""Medium complexity (253 tokens), NLP suitable""]",0.78,False,,,medical_gynecologist,"[""latex_allergy""]",,"{""shopping_with"": [], ""gift_for"": []}","Client is a regular medical gynecologist with a budget of 9K, interested in professional and elegant products suitable for conferences and travel. She has allergies to latex and follows a vegetarian diet.","[""vegetarian""]",,
CA_196,2026-03-27,30 min,FR,"M.,. Fontaine, 36 ans, chef sommelier hôtel palace cinq étoiles, nouveau client potentiel,. Cherche sac élégant travail cave service vins prestigieux.,. Budget 6K. en que quelque manière,. raffiné sob...","[""travel_luggage"", ""leather_goods""]",0.85,5K-10K,first_visit,tier2_ollama,0.0,2,"[""Medium complexity (234 tokens), NLP suitable""]",0.78,False,,,legal_*. avocat d'affaires,"[""nut_allergy""]",,"{""shopping_with"": [], ""gift_for"": []}","Le client est un chef sommelier d'un hôtel de luxe, avec un budget de 6K€ pour un sac élégant et raffiné. Il a une allergie aux fruits de mer et suit un régime végétarien pour les événements.","[""vegetarian""]",,
CA_197,2026-03-27,45 min,EN,"Dr,. Anderson and Dr,. what Anderson, both 57, VIP clients since 2015. He's pulmonologist critical care, she's infectious disease specialist, both teaching hospital renowned. let me I see see,. Major ...","[""medical_specialist"", ""shopping_with_spouse"", ""gift_for_child"", ""milestone_celebration"", ""philanthropy""]",0.95,20K,VIC,tier3_llm,0.0001,3,"[""VIP/VIC client - premium processing""]",0.9,False,,,"Pulmonologist critical care, Infectious disease specialist",[],{},"{""shopping_with"": [""spouse""], ""gift_for"": [""child""]}",Profession includes 'pulmonologist critical care' and 'infectious disease specialist' -> medical_specialist. Shopping together as a couple -> shopping_with_spouse. Gifts for family milestones indicate gift_for_child. High budget and philanthropic interests suggest a VIC status.,,,
CA_198,2026-03-28,34 min,IT,"Signor Rossi, 45 anni, direttore vendite azienda farmaceutica multinazionale, cliente regolare dal 2019. Cerca borse viaggio lavoro spostamenti clienti medici frequenti. Budget 8K approssimativo. se,....","[""travel_luggage"", ""leather_goods"", ""shopping_with_spouse"", ""gift_for_child""]",0.85,5K-10K,regular,tier2_ollama,0.0,2,"[""Medium complexity (225 tokens), NLP suitable""]",0.78,False,,,legal_*.entrepreneur*,[],,"{""shopping_with"": [""spouse""], ""gift_for"": [""child""]}","Il cliente è un direttore vendite in una multinazionale farmaceutica, cerca borse viaggio per uso professionale e ha specificato un budget di circa 8K. È vegetariano e non menziona allergie. La moglie lavora come farmacista e i figli studiano medicina o farmacia.","[""vegetarian""]",,
CA_199,2026-03-28,37 min,ES,"Sra. Ortiz, 43 años, directora marketing agencia publicidad creativa, nueva clienta potencial alto., es decir,. Busca bolsos elegantes trabajo clientes reuniones creativas. Presupuesto 10K flexible. E...","[""ready_to_wear"", ""leather_goods""]",0.85,10K-20K,first_visit,tier2_ollama,0.0,2,"[""Medium complexity (263 tokens), NLP suitable""]",0.78,False,,,legal_creative,"[""nickel_allergy""]",,"{""shopping_with"": [], ""gift_for"": []}","La clienta es una directora de marketing en una agencia creativa, busca bolsos elegantes para trabajo y reuniones creativas. Su estilo es moderno y sofisticado, con un presupuesto flexible entre 10K-20K. Es vegetariana y tiene alergia al níquel.","[""vegetarian""]",,
CA_200,2026-03-31,42 min,DE,"Herr und Frau Braun, beide 52, treue Kunden seit 2016. Großeinkauf Frühjahr Geschenke Kinder Abschlüsse Meilensteine Familie. Budget sehr flexibel besprochen 19K. Er Professor Mathematik Universität r...","[""shopping_with_spouse"", ""gift_for_child"", ""milestone_celebration"", ""vegetarian""]",0.95,19K,Regular,tier3_llm,0.0001,3,"[""Complex relationship dynamics detected""]",0.82,False,,,"Professor Mathematik, Professorin Physik",[],{},"{""shopping_with"": [""spouse""], ""gift_for"": [""child""]}",Both are professors in academia -> academic_professor. Shopping together as a couple -> shopping_with_spouse. Gifts for children celebrating milestones -> gift_for_child + milestone_celebration. Both are vegetarians -> vegetarian.,,,
CA_201,2026-03-31,31 min,FR,"Mme Dupuis, 41 ans, notaire cabinet familial transmissions patrimoniales, nouvelle cliente potentiel élevé. Recherche sac professionnel discret luxe rendez-vous clients fortune,. on va dire,. Budget 7...","[""legal_family"", ""shopping_with_spouse"", ""gift_for_child"", ""vegetarian"", ""heritage_importance"", ""artisan_craft_appreciation""]",0.9,5k-10k,first_visit,tier3_llm,0.0001,3,"[""RGPD keywords detected: ['trans']""]",0.95,False,,,Notaire cabinet familial transmissions patrimoniales,[],"{""graminees_allergy"": ""severe""}","{""shopping_with"": [""spouse""], ""gift_for"": [""child""]}",Profession 'notaire cabinet familial transmissions patrimoniales' -> legal_family. Shopping with husband -> shopping_with_spouse. Gift context for children -> gift_for_child. 'Végétarienne' indicates dietary preference. 'Allergie graminées pollen campagne sévère' indicates severe allergy.,,,
CA_202,2026-04-01,43 min,EN,"Mr. Taylor, 51, investment banker mergers acquisitions, Mrs., let something me see,. Taylor, 48, wealth management advisor private clients, VIP clients since 2016 let me what see, I see. Shopping spri...","[""finance_investment"", ""finance_banking"", ""shopping_with_spouse"", ""gift_for_child"", ""philanthropy"", ""investment_mindset""]",0.95,20k-25k,VIC,tier3_llm,0.0001,3,"[""VIP/VIC client - premium processing""]",0.9,False,,,"investment banker mergers acquisitions, wealth management advisor private clients",[],"{""high_cholesterol"": ""moderate""}","{""shopping_with"": [""spouse""], ""gift_for"": [""child""]}","Profession includes 'investment banker' and 'wealth management advisor' -> finance_investment and finance_banking. Shopping with spouse and having adult children indicates family context. Budget is combined and flexible, indicating high value. High cholesterol noted as a dietary restriction, defaulting to moderate severity.",,,
CA_203,2026-04-01,35 min,IT,"Signora Santoro, 39 anni, architetto restauro monumenti storici UNESCO, cliente occasionale dal 2021,. Cerca borse lavoro cantieri storici riunioni sovrintendenze. Budget 6K.,. Stile classico rispetto...","[""leather_goods"", ""travel_luggage""]",0.85,5K-10K,occasional,tier2_ollama,0.0,2,"[""Medium complexity (241 tokens), NLP suitable""]",0.78,False,,,legal_*.architect,"[""nickel_allergy""]",,"{""shopping_with"": [], ""gift_for"": []}","La cliente è un architetto restauro monumenti storici con un budget di 6K, preferisce borse per lavoro e viaggi, ha una passione per la conservazione del patrimonio culturale e è vegetariana.","[""vegetarian""]",,
CA_204,2026-04-02,38 min,ES,"Sr. Sánchez, 45 años, cirujano ortopédico traumatología hospital universitario, nuevo cliente potencial muy veis.,. Busca bolsos profesionales trabajo hospital consultas privadas. Presupuesto 8K inici...","[""leather_goods"", ""travel_luggage""]",0.85,5K-10K,first_visit,tier2_ollama,0.0,2,"[""Medium complexity (275 tokens), NLP suitable""]",0.78,False,,,"medical_creative_*, medical_academic_*","[""latex_allergy""]",,"{""shopping_with"": [], ""gift_for"": []}","El cliente es un cirujano ortopédico, nuevo cliente potencial, busca bolsos profesionales para su trabajo en el hospital y consultas privadas. Su presupuesto inicial es de 8K, prefiere colores sobrios como negro navy. Viaja regularmente a congresos y opera lesiones deportivas, lo que indica un interés en la medicina deportiva. Tiene una alergia importante a látex y su esposa es fisioterapeuta deportiva.","[""vegetarian""]",,
CA_205,2026-04-02,40 min,DE,"Frau Schmidt, 47, Chefärztin Radiologie Krankenhaus, regelmäßige Kundin seit 2019,.,. Sucht Taschen Frühjahr Konferenzen Radiologie häufig. Budget 9K. Stil medizinisch professionell elegant, bevorzugt...","[""ready_to_wear"", ""travel_luggage""]",0.85,5K-10K,regular,tier2_ollama,0.0,2,"[""Medium complexity (223 tokens), NLP suitable""]",0.78,False,,,legal_*.medizinisch,[],,"{""shopping_with"": [], ""gift_for"": []}","Die Kundin ist eine regelmäßige Kundin, mit einem Budget von 9K. Sie bevorzugt Taschen und Reisegepäck für medizinische Konferenzen. Sie ist vegetarierisch und arbeitet im Bereich der Radiologie.","[""vegetarian""]",,
CA_206,2026-04-03,29 min,FR,"M. un petit peu,. Legrand, 34 ans, consultant transformation digitale entreprises, nouveau client potentiel que,., plus ou que moins. Cherche sac voyage professionnel missions clients constant déplace...","[""entrepreneur_tech"", ""shopping_with_spouse"", ""tech_enthusiast"", ""vegetarian"", ""travel_frequent""]",0.9,5k-10k,Prospect,tier3_llm,0.0001,3,"[""RGPD keywords detected: ['trans']""]",0.95,False,,,consultant transformation digitale entreprises,[],"{""pollen_allergy"": ""important""}","{""shopping_with"": [""spouse""], ""gift_for"": []}","Profession 'consultant transformation digitale entreprises' -> entrepreneur_tech. Shopping with spouse -> shopping_with_spouse. Interest in tech and travel -> tech_enthusiast and travel_frequent. 'Végétarien' indicates vegetarian lifestyle. Allergy to pollen is significant but not specified as severe or mild, thus marked as important.",,,
CA_207,2026-04-03,44 min,EN,"Dr. in a manner of speaking,. Wilson, 56, dean medical school university, Mrs. Wilson, 54, pediatrician private practice, VIP clients since 2015. Major shopping spring collection plus gifts graduating...","[""medical_specialist"", ""shopping_with_spouse"", ""gift_for_child"", ""graduation_gift"", ""heritage_importance""]",0.95,21K,VIC,tier3_llm,0.0001,3,"[""VIP/VIC client - premium processing""]",0.9,False,,,Dean of medical school,[],{},"{""shopping_with"": [""spouse""], ""gift_for"": [""child""]}",Profession as 'Dean of medical school' -> medical_specialist. Shopping with spouse -> shopping_with_spouse. Gift for graduating medical students -> gift_for_child + graduation_gift. Appreciation for quality and heritage -> heritage_importance.,,,
CA_208,2026-04-04,33 min,IT,"Signor Conti, 43 anni, direttore finanziario banca investimenti, cliente regolare dal 2020. che. Cerca borse professionali nuove primavera viaggi finanza internazionale.,. Budget 10K approssimativo. S...","[""ready_to_wear"", ""watches""]",0.85,10K-20K,regular,tier2_ollama,0.0,2,"[""Medium complexity (234 tokens), NLP suitable""]",0.78,False,,,"finance_*,","[""nut_allergy""]",,"{""shopping_with"": [], ""gift_for"": []}","Il cliente è un direttore finanziario con un budget di circa 10K, ha specificato preferenze per borse professionali e stile banking classico. Ha menzionato allergie ai crostacei e frutti di mare.","[""vegetarian""]",,
CA_209,2026-04-04,36 min,ES,"Sra. Ramírez, 40 años, psicóloga clínica trauma terapia EMDR, nueva clienta potencial.,. Busca bolsos profesionales trabajo consulta pacientes.,. Presupuesto 6K inicial,. Estilo profesional tranquiliz...","[""ready_to_wear"", ""leather_goods""]",0.85,5K-10K,first_visit,tier2_ollama,0.0,2,"[""Medium complexity (212 tokens), NLP suitable""]",0.78,False,,,psychologist_specialized_in_trauma,"[""perfume_sensitivity""]",,"{""shopping_with"": [], ""gift_for"": []}","La cliente es una psicóloga clínica y busca bolsos profesionales para su trabajo, con un presupuesto inicial de 6K. Es vegetariana y tiene alergia a los perfumes fuertes.","[""vegetarian""]",,
CA_210,2026-04-07,42 min,DE,"Herr und Frau Hoffmann, beide 48, regelmäßige Kunden seit 2018., gesehen. Einkauf Frühjahr Geschenke Eltern Schwiegereltern Geburtstage. Budget zusammen 16K flexibel. Er Ingenieur Automobilindustrie E...","[""entrepreneur_tech"", ""sustainable_values"", ""tech_enthusiast"", ""shopping_with_spouse"", ""gift_for_parent"", ""birthday_gift""]",0.9,16K,Regular,tier3_llm,0.0001,3,"[""Complex relationship dynamics detected""]",0.82,False,,,"Ingenieur Automobilindustrie Elektrofahrzeuge Entwicklung, Ingenieurin erneuerbare Energien Beratung",[],{},"{""shopping_with"": [""spouse""], ""gift_for"": [""parent""]}","Profession indicates both are in technical fields related to sustainability -> entrepreneur_tech and entrepreneur_renewable_energy. Shopping together as a couple -> shopping_with_spouse. Gifts for parents' birthdays -> gift_for_parent and birthday_gift. Budget is specified as 16K, indicating flexibility.",,,
CA_211,2026-04-07,30 min,FR,"Mme Perrin, 38 ans, avocate droit environnement ONG associations, nouvelle cliente potentiel intéressant.,. Recherche sac travail durable éthique si possible audiences tribunaux. Budget 5500€ conscien...","[""sustainable_values"", ""vegan"", ""chemical_sensitivity""]",0.9,5k-10k,first_visit,tier3_llm,0.0001,3,"[""RGPD keywords detected: ['militant', 'trans']""]",0.95,False,,,Avocate droit environnement ONG associations,[],"{""chemical_sensitivity"": ""moderate""}","{""shopping_with"": [], ""gift_for"": []}",Specific profession 'avocate droit environnement ONG associations' -> legal_environmental. Budget of 5500€ indicates a range of 5k-10k. No specific shopping or gift context mentioned.,,,
CA_212,2026-04-08,46 min,EN,"Mr.,. and Mrs. Martinez, both 59, VIP clients since 2014,. Major shopping spring collection celebrate business sale company successful exit retirement planning. so Combined budget 28K extremely flexib...","[""entrepreneur_tech"", ""shopping_with_spouse"", ""retirement_celebration"", ""tech_enthusiast""]",0.95,28K,VIC,tier3_llm,0.0001,3,"[""VIP/VIC client - premium processing""]",0.9,False,,,Co-founder COO of software company,[],{},"{""shopping_with"": [""spouse""], ""gift_for"": [""grandchild""]}",Profession indicates a high-level role in tech -> entrepreneur_tech. Shopping with spouse -> shopping_with_spouse. Mention of grandchildren suggests potential gifts for them -> gift_for_grandchild. Planning a retirement celebration -> retirement_celebration.,,,
CA_213,2026-04-08,34 min,IT,"Signora Ricci, 44 anni, oncologa ricerca tumori pediatrici università, cliente regolare dal 2020.,. Cerca borse nuove primavera congressi oncologia pediatrica frequenti. Budget 7K. Stile medico accade...","[""medical_specialist"", ""shopping_with_spouse"", ""gift_for_child"", ""vegetarian"", ""wellness_yoga""]",0.95,5k-10k,Regular,tier3_llm,0.0001,3,"[""RGPD keywords detected: ['cancro']""]",0.95,False,,,Oncologa ricerca tumori pediatrici,[],{},"{""shopping_with"": [""spouse""], ""gift_for"": [""child""]}",Specific profession 'oncologa ricerca tumori pediatrici' -> medical_specialist. Shopping with husband -> shopping_with_spouse. Family values and health focus indicate gift for children -> gift_for_child. Vegetarian lifestyle and yoga practice noted.,,,
CA_214,2026-04-09,37 min,ES,"Sr ves,. López, 46 años, director recursos humanos corporación tecnología, nuevo cliente potencial alto. Busca bolsos profesionales trabajo viajes oficinas mundiales frecuentes., ves,. Presupuesto 9K ...","[""leather_goods"", ""ready_to_wear"", ""shopping_with_spouse"", ""gift_for_child""]",0.85,5K-10K,first_visit,tier2_ollama,0.0,2,"[""Medium complexity (247 tokens), NLP suitable""]",0.78,False,,,"legal_tech_*, tech_*, entrepreneur*",[],,"{""shopping_with"": [""spouse""], ""gift_for"": [""child""]}","El cliente es un director de recursos humanos en una corporación tecnológica, busca bolsos profesionales para viajes y trabajo, con un presupuesto inicial de 9K. No menciona alergias ni restricciones dietéticas excepto ser pescetariano. Viaja frecuentemente a oficinas en Silicon Valley, Bangalore y Berlín. Su esposa es una consultora psicóloga organizacional y sus hijos estudian ingeniería y business.","[""pescetariano""]",,
CA_215,2026-04-09,40 min,DE,"Frau also Weber, 50, Professorin Soziologie Universität Gender Studies, regelmäßige Kundin seit 2018,., mehr also oder weniger,. Sucht Taschen Frühjahr Konferenzen Soziologie Gender häufig mehr oder a...","[""ready_to_wear"", ""travel_luggage"", ""jewelry""]",0.85,5K-10K,regular,tier2_ollama,0.0,2,"[""Medium complexity (256 tokens), NLP suitable""]",0.78,False,,,legal_*,[],,"{""shopping_with"": [], ""gift_for"": []}","Die Kundin ist eine Professorin Soziologie, die regelmäßige Kundin ist und ein vegetarierisches Lebensstil hat. Sie sucht Taschen für Konferenzen und interessiert sich für Frauen Handwerkerinnen Produktion Gleichstellung Arbeitsbedingungen.","[""vegetarian""]",,
CA_216,2026-04-10,28 min,FR,"M. Rousseau, 35 ans, par exemple ingénieur cybersécurité entreprise tech, nouveau client potentiel. Cherche sac par exemple voyage professionnel sécurisé missions clients,. Budget 5K en quelque façon,...","[""travel_luggage"", ""ready_to_wear""]",0.85,5K-10K,first_visit,tier2_ollama,0.0,2,"[""Medium complexity (216 tokens), NLP suitable""]",0.78,False,,,tech_ingenieur,"[""nickel_allergy""]",,"{""shopping_with"": [], ""gift_for"": []}","Le client est un ingénieur cybersécurité dans une entreprise tech, nouveau client potentiel avec un budget de 5K-10K pour un sac voyage professionnel sécurisé. Il a des allergies aux métaux et est végétarien.","[""vegetarian""]",,
CA_217,2026-04-10,45 min,EN,"Dr. Thompson and Dr. Thompson, both 54, VIP clients since 2016. He's chief surgeon trauma I see center, she's anesthesiologist same hospital, power couple medicine.,. Shopping spring collection annive...","[""medical_surgeon"", ""medical_specialist"", ""shopping_with_spouse"", ""gift_for_spouse"", ""anniversary_gift"", ""philanthropy""]",0.95,19K,VIC,tier3_llm,0.0001,3,"[""VIP/VIC client - premium processing""]",0.9,False,,,"Chief surgeon trauma center, anesthesiologist",[],"{""nickel_allergy"": ""severe""}","{""shopping_with"": [""spouse""], ""gift_for"": [""spouse""]}",Profession identified as 'chief surgeon' and 'anesthesiologist' -> medical_surgeon and medical_specialist. Shopping together for their anniversary -> shopping_with_spouse and gift_for_spouse. Mention of nickel allergy with severity 'severe'.,,,
CA_218,2026-04-11,32 min,IT,"Signor Marino, 42 anni, regista cinema d'autore festival internazionali, cliente occasionale dal 2021. Cerca borse viaggio festival film presentazioni mondiali frequenti. in pratica, così. Budget 6K. ...","[""creative_arts_visual"", ""shopping_with_spouse"", ""vegetarian"", ""travel_frequent""]",0.9,5k-10k,occasional_client,tier3_llm,0.0001,3,"[""Complex relationship dynamics detected""]",0.82,False,,,regista cinema d'autore,[],"{""alcohol_allergy"": ""severe""}","{""shopping_with"": [""spouse""], ""gift_for"": []}",Profession 'regista cinema d'autore' -> creative_arts_visual. Shopping with partner -> shopping_with_spouse. 'Allergia alcol importante' indicates severe alcohol allergy.,,,
CA_219,2026-04-11,38 min,ES,"Sra. García, 47 años, directora hospital público gestión sanitaria, nueva clienta potencial muy. Busca bolsos profesionales trabajo gestión reuniones políticas sanitarias. Presupuesto 8K inicial,., ve...","[""medical_specialist"", ""shopping_with_spouse"", ""pescatarian"", ""budget_very_flexible""]",0.9,8k-10k,first_visit,tier3_llm,0.0001,3,"[""RGPD keywords detected: ['política']""]",0.95,False,,,directora hospital público gestión sanitaria,[],{},"{""shopping_with"": [""spouse""], ""gift_for"": []}",Profession 'directora hospital público gestión sanitaria' -> medical_specialist. Shopping with husband -> shopping_with_spouse. Pescatariana noted in lifestyle. Budget of 8K indicates flexibility.,,,
CA_220,2026-04-14,43 min,DE,"Herr und Frau Müller, beide 51, treue Kunden seit 2017,. Großeinkauf Frühjahr Geschenke Familie Freunde Geburtstage zahlreich. Budget zusammen 18K flexibel. Er Steuerberater eigene Kanzlei Mandanten v...","[""finance_banking"", ""legal_corporate"", ""shopping_with_spouse"", ""gift_for_child"", ""investment_mindset""]",0.95,18K,Regular,tier3_llm,0.0001,3,"[""RGPD keywords detected: ['rechts']""]",0.95,False,,,"Steuerberater, Notarin",[],{},"{""shopping_with"": [""spouse""], ""gift_for"": [""child""]}","Profession includes 'Steuerberater' and 'Notarin' -> finance_banking and legal_corporate. Shopping together as a couple -> shopping_with_spouse. Children studying law and economics -> gift_for_child. Budget is specified as 18K, indicating a high value mindset.",,,
CA_221,2026-04-14,31 min,FR,"Mme Dubois, 39 ans, conservatrice musée beaux-arts ville importante, nouvelle cliente potentiel excellent. Recherche sac élégant travail musée vernissages événements culturels. Budget 6500€. artistiqu...","[""creative_arts_visual"", ""shopping_with_spouse"", ""gift_for_child"", ""art_collector"", ""vegetarian""]",0.95,6500€,first_visit,tier3_llm,0.0001,3,"[""Complex relationship dynamics detected""]",0.82,False,,,conservatrice musée beaux-arts,[],"{""mold_allergy"": ""severe""}","{""shopping_with"": [""spouse""], ""gift_for"": [""child""]}",Profession 'conservatrice musée beaux-arts' -> creative_arts_visual. Shopping with companion -> shopping_with_spouse. Gift for daughter studying art history -> gift_for_child. 'Végétarienne' indicates dietary preference -> vegetarian. 'Allergie moisissures importante' indicates severe mold allergy.,,,
CA_222,2026-04-15,47 min,EN,"Mr. and Mrs.,. Robinson, both 62, retired both VIP clients since 2014.,. He retired admiral navy decorated career, she retired diplomat foreign service ambassadorial level. Major shopping celebration ...","[""shopping_with_spouse"", ""retirement_celebration"", ""art_collector"", ""book_collector_rare""]",0.95,25K,VIC,tier3_llm,0.0001,3,"[""VIP/VIC client - premium processing""]",0.9,False,,,"retired admiral navy, retired diplomat foreign service ambassadorial level",[],{},"{""shopping_with"": [""spouse""], ""gift_for"": [""child""]}",Profession indicates high-level military and diplomatic backgrounds -> tags military and diplomatic. Shopping together as a couple -> shopping_with_spouse. Mention of four adult children suggests gift opportunities -> gift_for_children. Major shopping for retirement celebration -> retirement_celebration. Interests in naval history and art indicate tags for collectors.,,,
CA_223,2026-04-15,35 min,IT,"Signora Rossi, 45 anni, avvocata diritto famiglia divorzista, cliente regolare dal 2020. Cerca borse professionali nuove primavera tribunali per esempio clienti delicati,.,. Budget 7K., così, più o me...","[""watches"", ""leather_goods"", ""ready_to_wear""]",0.85,5K-10K,regular,tier2_ollama,0.0,2,"[""Medium complexity (229 tokens), NLP suitable""]",0.78,False,,,legal_divorce,"[""nickel_allergy""]",,"{""shopping_with"": [], ""gift_for"": []}","La cliente è un'avvocata di diritto famiglia e cerca borse professionali per gestire casi complicati. Il budget è stimato tra 5K-10K, preferisce stili rassicuranti e colori caldi. Ha menzionato una leggera allergia al nickel.","[""vegetarian""]",,
CA_224,2026-04-16,39 min,ES,"Sr.,. Fernández, 48 años, arquitecto sostenible sí certificaciones LEED proyectos verdes, cliente ocasional desde 2021, en ves cierto modo. Busca bolsos trabajo proyectos clientes reuniones sostenibil...","[""shopping_with_spouse"", ""sustainable_values"", ""chemical_sensitivity""]",0.9,5k-10k,occasional_client,tier3_llm,0.0001,3,"[""RGPD keywords detected: ['trans']""]",0.95,False,,,arquitecto sostenible,[],"{""chemical_sensitivity"": ""severe""}","{""shopping_with"": [""spouse""], ""gift_for"": [""child""]}",Specific profession 'arquitecto sostenible' -> architect_sustainable. Shopping with wife -> shopping_with_spouse. Gift for children -> gift_for_children. Allergy to chemicals with severity 'important' interpreted as severe.,,,
CA_225,2026-04-16,41 min,DE,"Frau Klein, 46, Dermatologin ästhetische Medizin Praxis eigene, regelmäßige Kundin seit 2019 also,. Sucht Taschen Frühjahr Konferenzen Dermatologie Kosmetik häufig,.,. Budget 10K,. Stil elegant gepfle...","[""watches"", ""jewelry"", ""fragrance"", ""ready_to_wear"", ""travel_luggage""]",0.85,10K-20K,regular,tier2_ollama,0.0,2,"[""Medium complexity (253 tokens), NLP suitable""]",0.78,False,,,legal_ aesthetic_medicine_doctor,"[""perfume_sensitivity""]",,"{""shopping_with"": [], ""gift_for"": []}","Die Kundin ist eine regelmäßige Kundin, die Kosmetik und Parfüms bevorzugt. Sie hat eine Allergie auf Duftstoffe in Kosmetika und Parfüms. Ihr Stil ist elegant gepflegt mit einer Vorliebe für helle Farben. Sie reist zur Dermatologie-Konferenzen weltweit.","[""vegetarian""]",,
CA_226,2026-04-17,33 min,FR,"M. Martin, 37 ans, chef projet grands travaux infrastructure, nouveau client potentiel., grosso modo, plus que ou moins. Cherche sac travail chantiers réunions ingénierie robuste.,. Budget 5500€,. ing...","[""travel_luggage"", ""ready_to_wear""]",0.85,5K-10K,first_visit,tier2_ollama,0.0,2,"[""Medium complexity (227 tokens), NLP suitable""]",0.78,False,,,legal_ingenieur,"[""latex_allergy""]",,"{""shopping_with"": [], ""gift_for"": []}",Client est un ingénieur travaux avec une allergie au béton poussière et une préférence pour des vêtements robustes et résistants. Il n'a pas mentionné d'achat en couple ou de cadeau.,"[""vegetarian""]",,
CA_227,2026-04-17,46 min,EN,"Dr I mean. Williams and Dr., what. Williams, both 57, VIP clients since 2015. He's orthopedic surgeon sports medicine, she's physical therapist rehabilitation sports injuries, power couple sports medi...","[""medical_surgeon"", ""medical_specialist"", ""shopping_with_spouse"", ""milestone_celebration"", ""philanthropy""]",0.95,20K,VIC,tier3_llm,0.0001,3,"[""VIP/VIC client - premium processing""]",0.9,False,,,"orthopedic surgeon sports medicine, physical therapist rehabilitation sports injuries",[],{},"{""shopping_with"": [""spouse""], ""gift_for"": [""grandchild""]}",Profession includes orthopedic surgeon and physical therapist -> medical_surgeon and medical_specialist. Shopping together as a couple -> shopping_with_spouse. Gifts for grandchildren -> gift_for_grandchild. Mention of milestone celebrations and philanthropy aligns with their lifestyle.,,,
CA_228,2026-04-18,34 min,IT,"Signor Gentile, 43 anni, produttore televisione programmi cultura documentari, cliente occasionale dal 2021. Cerca borse viaggio produzioni televisive trasferte riprese. Budget 6K.,. Stile televisivo ...","[""travel_luggage"", ""ready_to_wear""]",0.85,5K-10K,occasional,tier2_ollama,0.0,2,"[""Medium complexity (226 tokens), NLP suitable""]",0.78,False,,,"creative_media_*,",[],,"{""shopping_with"": [], ""gift_for"": []}","Il cliente è un produttore televisivo di programmi culturali, ha un budget di 6K e cerca borse viaggio per trasferte riprese. È pescetariano e colleziona DVD documentari rari. Non menziona alcuna allergia o relazione specifica.","[""vegetarian""]",,
CA_229,2026-04-18,37 min,ES,"Sra,. Torres, 44 años, jueza tribunal superior justicia, nueva clienta potencial muy alto. Busca bolsos profesionales elegantes toga audiencias judiciales. Presupuesto 11K flexible. Estilo judicial au...","[""watches"", ""leather_goods"", ""ready_to_wear"", ""shopping_with_spouse"", ""gift_for_child""]",0.85,10K-20K,first_visit,tier2_ollama,0.0,2,"[""Medium complexity (234 tokens), NLP suitable""]",0.78,False,,,legal_judge,[],,"{""shopping_with"": [""spouse""], ""gift_for"": [""child""]}","La cliente es una jueza que busca bolsos profesionales para uso judicial, con un presupuesto flexible de 11K. Es vegetariana y su pareja también es abogado.","[""vegetarian""]",,
CA_230,2026-04-21,42 min,DE,"Herr und Frau Becker, beide 49, regelmäßige Kunden seit 2018. Einkauf Frühjahr Geschenke Kinder Universitätsabschlüsse Meilensteine, sag mal,.,. Budget gesehen zusammen 17K flexibel. Er Professor Chem...","[""shopping_with_spouse"", ""gift_for_child"", ""graduation_gift"", ""vegetarian""]",0.95,17K,Regular,tier3_llm,0.0001,3,"[""Complex relationship dynamics detected""]",0.82,False,,,"Professor Chemie, Professorin Biochemie",[],{},"{""shopping_with"": [""spouse""], ""gift_for"": [""child""]}","Both are professors in the sciences -> academic_professor. Shopping together as a couple -> shopping_with_spouse. Gifts for children's graduations -> gift_for_child + graduation_gift. They are vegetarians, which is noted in their lifestyle.",,,
CA_231,2026-04-21,30 min,FR,"Mme Lefebvre, 36 ans, responsable communication corporate grande entreprise, nouvelle cliente potentiel.,. Recherche sac professionnel moderne réunions stakeholders médias. Budget 6K., que,. communica...","[""ready_to_wear"", ""leather_goods""]",0.85,5K-10K,first_visit,tier2_ollama,0.0,2,"[""Medium complexity (223 tokens), NLP suitable""]",0.78,False,,,legal_communication,"[""latex_allergy""]",,"{""shopping_with"": [], ""gift_for"": []}","La cliente est une responsable communication corporate qui recherche un sac professionnel pour des réunions avec des stakeholders et des médias. Elle a un budget de 6K, préfère le cuir noir avec hardware argenté, et mentionne être végétarienne et allergique au latex.","[""vegetarian""]",,
CA_232,2026-04-22,44 min,EN,"Mr, or so,.,. Davis, 60, retired CEO Fortune 500, Mrs. Davis, 58, retired CFO I see publicly traded company, VIP clients since 2013.,. Major shopping something spring collection celebrate retirements ...","[""corporate_executive_c_level"", ""shopping_with_spouse"", ""retirement_celebration"", ""art_collector"", ""book_collector_rare"", ""pescatarian""]",0.95,30K,VIC,tier3_llm,0.0001,3,"[""RGPD keywords detected: ['trans']""]",0.95,False,,,"retired CEO Fortune 500, retired CFO",[],"{""gout"": ""moderate""}","{""shopping_with"": [""spouse""], ""gift_for"": [""child""]}","Profession as retired CEO and CFO indicates high-level corporate executives -> corporate_executive_c_level. Shopping with spouse and having five adult children leads to tags for relationship dynamics. Retirement celebration is a key occasion. Interests in art and books align with art_collector and book_collector_rare tags. Pescatarian lifestyle noted. Gout is a dietary restriction but not classified as an allergy, hence moderate severity.",,,
CA_233,2026-04-22,36 min,IT,"Signora Rizzo, 42 anni, architetto interni yacht superyacht lusso, cliente occasionale dal 2021, un po'. un po', per esempio. Cerca borse eleganti lavoro yacht clienti ultra-ricchi così,. se,. Budget ...","[""leather_goods"", ""travel_luggage"", ""ready_to_wear"", ""shopping_with_compagnon""]",0.85,5K-10K,occasional,tier2_ollama,0.0,2,"[""Medium complexity (238 tokens), NLP suitable""]",0.78,False,,,legal_aviation,[],,"{""shopping_with"": [""compagnon""], ""gift_for"": []}","La cliente è un architetto interni yacht, con un budget di 8K, che cerca borse eleganti per lavoro yacht e progetti lusso nautico. Non ha allergie o restrizioni alimentari specifiche.","[""vegetarian""]",,
CA_234,2026-04-23,38 min,ES,"Sr ves,. Moreno, 45 años, traumatólogo deportivo selecciones nacionales, nuevo cliente potencial excelente por ejemplo,. de alguna manera,. Busca bolsos profesionales trabajo selecciones viajes compet...","[""leather_goods"", ""travel_luggage"", ""shopping_with_spouse"", ""gift_for_children""]",0.85,5K-10K,first_visit,tier2_ollama,0.0,2,"[""Medium complexity (271 tokens), NLP suitable""]",0.78,False,,,legal_sports_attorney,[],,"{""shopping_with"": [""spouse""], ""gift_for"": [""children""]}","El cliente es un traumatólogo deportivo, nuevo cliente potencial, busca bolsos profesionales para viajes y competiciones internacionales. Su estilo es médico y deportivo, funcional, prefiere el color navy. Viaja frecuentemente por trabajo. Es pescetariano y su esposa es una nutricionista deportiva. Tienen hijos que son deportistas de alto nivel.","[""pescetarian""]",,
CA_235,2026-04-23,40 min,DE,"Frau Schulz, 48, Rechtsanwältin Familienrecht Scheidungen, regelmäßige Kundin seit 2019,. Sucht Taschen Frühjahr Gerichtstermine Mandanten zahlreich. Budget 8K,. Stil professionell beruhigend Anwältin...","[""legal_family"", ""shopping_alone"", ""vegetarian"", ""wellness_yoga""]",0.9,8K,Regular,tier3_llm,0.0001,3,"[""RGPD keywords detected: ['psychologe', 'sorgerecht', 'scheidung']""]",0.95,False,,,Rechtsanwältin Familienrecht Scheidungen,[],{},"{""shopping_with"": [], ""gift_for"": []}","Profession 'Rechtsanwältin Familienrecht Scheidungen' -> legal_family. No mention of shopping with anyone or gifts, hence shopping_alone. Identified as vegetarian from context. Budget specified as 8K.",,,
CA_236,2026-04-24,32 min,FR,"M. Moreau, 38 ans, data scientist intelligence artificielle recherche, nouveau client potentiel,.,. Cherche sac voyage professionnel conférences IA machine learning mondiales. Budget 6K, en par exempl...","[""travel_luggage"", ""ready_to_wear""]",0.85,5K-10K,first_visit,tier2_ollama,0.0,2,"[""Medium complexity (230 tokens), NLP suitable""]",0.78,False,,,tech_*. data_scientist,"[""nickel_allergy""]",,"{""shopping_with"": [], ""gift_for"": []}","Client cherche un sac voyage pour conférences, avec un budget de 6K. Il est data scientist en IA et végétarien. Il a une allergie aux acariens et la poussière.","[""vegetarian""]",,
CA_237,2026-04-24,45 min,EN,"Dr. and Mrs so. in a manner of speaking,. Johnson, both 56, VIP clients since 2015. He's cardiologist interventional procedures, she's cardiac nurse ICU cardiac unit, power couple cardiology. Shopping...","[""medical_specialist"", ""medical_general"", ""shopping_with_spouse"", ""anniversary_gift"", ""philanthropy""]",0.95,19K,VIC,tier3_llm,0.0001,3,"[""VIP/VIC client - premium processing""]",0.9,False,,,"Cardiologist, Cardiac Nurse",[],"{""nickel_allergy"": ""moderate""}","{""shopping_with"": [""spouse""], ""gift_for"": [""family""]}","Profession includes 'cardiologist' and 'cardiac nurse' -> medical_specialist and medical_general. Shopping together for anniversary gifts -> shopping_with_spouse and gift_for_family. Budget is specified as 19K, indicating high value. Philanthropy is noted through their support for cardiac foundations.",,,
CA_238,2026-04-25,35 min,IT,"Signor Marino, 44 anni, direttore teatro opera importante città, cliente regolare dal 2020 se,. Cerca borse se eleganti lavoro teatro eventi culturali opening night frequenti in qualche modo un po'. B...","[""ready_to_wear"", ""travel_luggage"", ""shopping_with_spouse"", ""gift_for_child""]",0.85,10K-20K,regular,tier2_ollama,0.0,2,"[""Medium complexity (280 tokens), NLP suitable""]",0.78,False,,,legal_entrepreneur,[],,"{""shopping_with"": [""spouse""], ""gift_for"": [""child""]}","Il cliente è un direttore teatro con un budget di circa 10K, preferisce stili eleganti e classici come nero, navy e burgundy. È vegetariano per eventi e ha una compagna soprano opera. Ha figli che studiano musica in conservatorio.","[""vegetarian""]",,
CA_239,2026-04-25,37 min,ES,"Sra,. Jiménez, 40 años, consultora estrategia empresarial McKinsey nivel, nueva clienta potencial muy alto,.,. Busca bolsos profesionales trabajo clientes viajes constantes consulting., es decir. Pres...","[""travel_frequent"", ""wellness_yoga"", ""vegetarian""]",0.95,12K,Prospect,tier3_llm,0.0001,3,"[""RGPD keywords detected: ['trans']""]",0.95,False,,,Consultora estrategia empresarial McKinsey,[],{},"{""shopping_with"": [], ""gift_for"": []}","Profession 'consultora estrategia empresarial McKinsey' aligns with corporate_executive. Frequent travel and wellness practices indicate travel_frequent and wellness_yoga. Vegetarian lifestyle noted, but no allergies detected.",,,
CA_240,2026-04-28,43 min,DE,"Herr und Frau wie Wagner, beide 52, treue Kunden seit 2017.,. Großeinkauf Frühjahr Geschenke silberne Hochzeit 25 Jahre Ehe Feier Familie,. Budget sehr flexibel besprochen 20K, mehr oder weniger,. Er ...","[""entrepreneur_real_estate"", ""entrepreneur_hospitality"", ""interior_design"", ""shopping_with_spouse"", ""milestone_anniversary_25_plus""]",0.95,20K,Regular,tier3_llm,0.0001,3,"[""Complex relationship dynamics detected""]",0.82,False,,,"Architekt, Innenarchitektin",[],{},"{""shopping_with"": [""spouse""], ""gift_for"": [""family""]}",Profession as 'Architekt' and 'Innenarchitektin' -> entrepreneur_real_estate and entrepreneur_hospitality. Shopping together as a couple -> shopping_with_spouse. Celebrating 25 years of marriage -> milestone_anniversary_25_plus.,,,
CA_241,2026-04-28,31 min,FR,"Mme Garnier, 37 ans, journaliste politique grands médias nationaux, nouvelle cliente potentiel. Recherche sac professionnel discret interviews politiques déplacements. Budget 5500€ par exemple,. journ...","[""media_professional"", ""shopping_with_spouse"", ""vegetarian"", ""sustainable_values""]",0.9,5k-10k,first_visit,tier3_llm,0.0001,3,"[""RGPD keywords detected: ['politique']""]",0.95,False,,,journaliste politique grands médias nationaux,[],"{""nickel_allergy"": ""severe""}","{""shopping_with"": [""spouse""], ""gift_for"": []}",Specific profession 'journaliste politique grands médias nationaux' -> media_professional. Shopping with companion -> shopping_with_spouse. 'Végétarienne' indicates vegetarian lifestyle. 'Allergie microphones certains matériaux importante' indicates severe nickel allergy.,,,
CA_242,2026-04-29,46 min,EN,"Mr. and Mrs. Lee, both 61, VIP clients since 2014. Both retired executives technology sector successful careers Silicon Valley.,. Major shopping spring collection celebrate sold investments portfolio ...","[""entrepreneur_tech"", ""shopping_with_spouse"", ""travel_frequent"", ""wellness_yoga"", ""art_collector""]",0.95,27K,VIC,tier3_llm,0.0001,3,"[""VIP/VIC client - premium processing""]",0.9,False,,,"former VP engineering Google, former VP product Apple",[],{},"{""shopping_with"": [""spouse""], ""gift_for"": [""grandchild""]}",Profession as former VPs in tech -> entrepreneur_tech. Shopping together as a couple -> shopping_with_spouse. Mention of grandchildren indicates potential gifts for them -> gift_for_grandchild. Their extensive travel and wellness interests align with travel_frequent and wellness_yoga tags.,,,
CA_243,2026-04-29,34 min,IT,"Signora Ferrari, 43 anni, avvocata diritto societario M&A transazioni, cliente regolare dal 2020,.,. Cerca borse professionali nuove primavera chiusure deals viaggi frequenti. Budget 9K. Stile corpora...","[""legal_corporate"", ""travel_frequent"", ""pescatarian"", ""shopping_with_spouse""]",0.95,5k-10k,Regular,tier3_llm,0.0001,3,"[""RGPD keywords detected: ['trans']""]",0.95,False,,,Avvocata diritto societario M&A transazioni,[],"{""nickel_allergy"": ""severe""}","{""shopping_with"": [""spouse""], ""gift_for"": []}",Specific profession 'avvocata diritto societario M&A transazioni' -> legal_corporate. Frequent travel for business -> travel_frequent. Shopping with partner -> shopping_with_spouse. Severe nickel allergy detected.,,,
CA_244,2026-04-30,38 min,ES,"Sr. Castillo, 46 años, director general hospital privado gestión, nuevo cliente potencial muy. Busca bolsos profesionales trabajo gestión hospital reuniones juntas por ejemplo.,. Presupuesto 10K que i...","[""leather_goods"", ""ready_to_wear"", ""shopping_with_spouse"", ""gift_for_child""]",0.85,10K-20K,first_visit,tier2_ollama,0.0,2,"[""Medium complexity (267 tokens), NLP suitable""]",0.78,False,,,legal_executive,[],,"{""shopping_with"": [""spouse""], ""gift_for"": [""child""]}","El cliente es un director general de un hospital privado, busca bolsos profesionales para su trabajo y gestión diaria. Su estilo preferido es formal y elegante, en colores como negro, navy y gris. Tiene una dieta pescetariana y no tiene alergias. Está interesado en la colección de LVMH con un presupuesto inicial de 10K a 20K. Su esposa es directora de enfermería y sus hijos estudian medicina. El cliente está buscando productos para su uso personal y como regalos.","[""pescetarian""]",,
CA_245,2026-04-30,41 min,DE,"Frau Fischer, 47, Professorin Kunstgeschichte Universität Renaissance Expertin, regelmäßige Kundin seit 2018. Sucht Taschen Frühjahr Konferenzen Kunstgeschichte Museen frequent.,. Budget 8K,.,. Stil a...","[""ready_to_wear"", ""travel_luggage"", ""jewelry""]",0.85,5K-10K,regular,tier2_ollama,0.0,2,"[""Medium complexity (292 tokens), NLP suitable""]",0.78,False,,,legal_academic,"[""nickel_allergy""]",,"{""shopping_with"": [], ""gift_for"": []}","Die Kundin ist eine akademische Expertin für Kunstgeschichte, bevorzugt Farben wie beige, burgundy und gold, und sucht nach Taschen und Juwelen für Konferenzen. Sie hat eine Vegetarier-Haltung und eine Stauballergie.","[""vegetarian""]",,
CA_246,2026-05-01,29 min,FR,"M. Blanc, 35 ans, chef projet digital transformation entreprises, nouveau client potentiel. Cherche sac voyage professionnel missions clients transformation digitale., grosso modo. Budget 5K. consulta...","[""entrepreneur_tech"", ""tech_enthusiast"", ""shopping_with_spouse""]",0.9,5k-10k,Prospect,tier3_llm,0.0001,3,"[""RGPD keywords detected: ['trans']""]",0.95,False,,,chef projet digital transformation entreprises,[],"{""wifi_hypersensitivity"": ""moderate""}","{""shopping_with"": [""spouse""], ""gift_for"": []}","Profession 'chef projet digital transformation entreprises' -> entrepreneur_tech. Shopping with spouse indicated. Allergy to wifi hypersensitivity detected, default severity set to moderate.",,,
CA_247,2026-05-01,44 min,EN,"Dr,. Martinez, 58, dean engineering school university, Mrs in a way. Martinez, 56, professor computer science AI research, VIP clients since 2015.,. Shopping spring collection plus gifts engineering s...","[""shopping_with_spouse"", ""philanthropy"", ""vegetarian""]",0.9,21K,VIP,tier3_llm,0.0001,3,"[""VIP/VIC client - premium processing""]",0.9,False,,,"Dean of Engineering School, Professor of Computer Science AI Research",[],{},"{""shopping_with"": [""spouse""], ""gift_for"": [""students""]}",Profession includes 'Dean of Engineering School' and 'Professor of Computer Science AI Research' -> education_academic and engineering_professor. Shopping with spouse -> shopping_with_spouse. Gifts for graduating students -> gift_for_students. Vegetarian lifestyle noted -> vegetarian tag.,,,
CA_248,2026-05-02,33 min,IT,"Signor Colombo, 45 anni, giornalista sportivo telecronista calcio televisione, cliente occasionale dal 2021 un po', così,. Cerca borse viaggio trasferte sportive telecronache mondiali frequentissime. ...","[""travel_luggage"", ""ready_to_wear"", ""shopping_with_spouse"", ""gift_for_child""]",0.85,5K-10K,occasional,tier2_ollama,0.0,2,"[""Medium complexity (264 tokens), NLP suitable""]",0.78,False,,,"sports_media_*, sports_*",[],,"{""shopping_with"": [""spouse""], ""gift_for"": [""child""]}","Il cliente è un giornalista sportivo telecronista con una passione per il calcio, che viaggia frequentemente per seguire partite e campionati. Il suo stile preferisce borse robuste e pratiche in nero o marrone. Ha una dieta pescetariana per eventi di calcio. La moglie è anche giornalista e i figli giocano a calcio giovanilmente.","[""pescetarian""]",,
CA_249,2026-05-02,37 min,ES,"Sra. Delgado, 42 años, psiquiatra infantil hospital consulta privada, nueva clienta potencial,. por ejemplo. Busca bolsos profesionales trabajo hospital ves consulta niños adolescentes, ves. Presupues...","[""medical_specialist"", ""shopping_with_spouse"", ""vegetarian"", ""travel_frequent""]",0.9,5k-10k,first_visit,tier3_llm,0.0001,3,"[""RGPD keywords detected: ['ansiedad', 'psiquiatra', 'psicólogo']""]",0.95,False,,,psiquiatra infantil,[],{},"{""shopping_with"": [""spouse""], ""gift_for"": [""child""]}",Specific profession 'psiquiatra infantil' -> medical_specialist. Shopping with husband -> shopping_with_spouse. Gift for children -> gift_for_children. Vegetarian lifestyle noted -> vegetarian. Frequent travel for conferences -> travel_frequent.,,,
CA_250,2026-05-05,42 min,DE,"Herr und Frau Schulz, beide 50, treue Kunden seit 2017., also,. Einkauf Frühjahr Geschenke Familie Freunde Jubiläen Geburtstage zahlreich,. Budget zusammen 18K flexibel gesehen, also. Er Unternehmer M...","[""shopping_with_spouse"", ""vegetarian"", ""artisan_craft_appreciation"", ""investment_mindset""]",0.9,18K,Regular,tier3_llm,0.0001,3,"[""Complex relationship dynamics detected""]",0.82,False,,,"Unternehmer Maschinenbau, Betriebswirtin CFO",[],{},"{""shopping_with"": [""spouse""], ""gift_for"": [""family""]}",Profession includes 'Unternehmer Maschinenbau' and 'Betriebswirtin CFO' -> entrepreneur_machinery and finance_cfo. Shopping with spouse -> shopping_with_spouse. Gifts for family occasions -> gift_for_family. Both are vegetarians -> vegetarian tag.,,,
CA_251,2026-05-05,30 min,FR,"Mme Renaud, 38 ans, directrice innovation R&D laboratoire pharmaceutique, nouvelle cliente potentiel élevé. Recherche sac professionnel moderne laboratoire conférences scientifiques. Budget 6K. scient...","[""medical_specialist"", ""shopping_with_spouse"", ""vegan"", ""sustainable_values"", ""innovation_interest""]",0.95,6K,first_visit,tier3_llm,0.0001,3,"[""Complex relationship dynamics detected""]",0.82,False,,,directrice innovation R&D laboratoire pharmaceutique,[],"{""chemical_sensitivity"": ""moderate""}","{""shopping_with"": [""spouse""], ""gift_for"": []}","Profession 'directrice innovation R&D laboratoire pharmaceutique' -> medical_specialist. Shopping with partner -> shopping_with_spouse. Vegan lifestyle and interest in innovation -> vegan, sustainable_values, innovation_interest. Allergy to chemicals with unspecified severity -> moderate.",,,
CA_252,2026-05-06,43 min,EN,"Mr., so. Wilson, 54, venture capitalist biotech investments, Mrs. Wilson, 52, biotech entrepreneur founded sold company, VIP clients since 2016. Shopping spring collection celebrate investment portfol...","[""finance_investment"", ""shopping_with_spouse"", ""philanthropy"", ""innovation_interest""]",0.95,20k-25k,VIP,tier3_llm,0.0001,3,"[""VIP/VIC client - premium processing""]",0.9,False,,,"venture capitalist biotech investments, biotech entrepreneur",[],{},"{""shopping_with"": [""spouse""], ""gift_for"": [""grandchild""]}",Profession includes 'venture capitalist' and 'biotech entrepreneur' -> finance_investment and entrepreneur_biotech. Shopping with spouse -> shopping_with_spouse. Mention of grandchildren indicates gift for them -> gift_for_grandchild. Philanthropy and innovation interest are evident from their involvement in biotech and fundraising events.,,,
CA_253,2026-05-06,34 min,IT,"Signora Bianchi, 44 anni, oncologa pediatrica ospedale bambini, cliente regolare dal 2020,.,. Cerca borse nuove primavera congressi oncologia pediatrica frequenti emozioni. Budget 7K. se Stile medico ...","[""medical_specialist"", ""shopping_with_spouse"", ""gift_for_child"", ""vegetarian"", ""wellness_yoga""]",0.95,5k-10k,Regular,tier3_llm,0.0001,3,"[""RGPD keywords detected: ['psicologo', 'cancro']""]",0.95,False,,,Oncologa pediatrica,[],{},"{""shopping_with"": [""spouse""], ""gift_for"": [""child""]}",Specific profession 'oncologa pediatrica' -> medical_specialist. Shopping with husband -> shopping_with_spouse. Gift for children -> gift_for_child. Vegetarian lifestyle noted -> vegetarian tag. Interest in yoga and wellness -> wellness_yoga.,,,
CA_254,2026-05-07,36 min,ES,"Sr,. Navarro, 47 años, director orquesta filarmónica internacional, cliente VIP desde 2018. Compra temporada primavera más regalos músicos orquesta retiros,.,. Presupuesto 12K flexible por ejemplo. Es...","[""creative_arts_music"", ""shopping_with_spouse"", ""art_collector"", ""vegetarian"", ""budget_very_flexible""]",0.95,12K,VIC,tier3_llm,0.0001,3,"[""VIP/VIC client - premium processing""]",0.9,False,,,director orquesta filarmónica internacional,[],{},"{""shopping_with"": [""spouse""], ""gift_for"": [""children""]}",Specific profession 'director orquesta filarmónica internacional' -> creative_arts_music. Shopping with wife (violinist) -> shopping_with_spouse. Gifts for children who are musicians -> gift_for_children. Vegetarian lifestyle noted -> vegetarian tag. Budget is flexible and specified as 12K.,,,
CA_255,2026-05-07,39 min,DE,"Frau Meyer, 46, Anwältin Arbeitsrecht Gewerkschaften, regelmäßige Kundin seit 2019. gesehen. Sucht Taschen Frühjahr Gerichtstermine Verhandlungen Arbeitskämpfe. Budget 8K. Stil professionell kämpferis...","[""watches"", ""shoes"", ""ready_to_wear"", ""shopping_with_partner"", ""gift_for_child""]",0.85,5K-10K,regular,tier2_ollama,0.0,2,"[""Medium complexity (233 tokens), NLP suitable""]",0.78,False,,,legal_*.avocat d'affaires,[],,"{""shopping_with"": [""partner""], ""gift_for"": [""child""]}","Client est une avocate d'affaires régulière, avec un budget de 8K, qui préfère des articles professionnels et symboliques. Elle est vegetariane et a des relations sociales centrées sur la justice sociale et les droits des travailleurs.","[""vegetarian""]",,
CA_256,2026-05-08,31 min,FR,"M.,. Dubois, 36 ans, scénariste cinéma séries streaming succès, nouveau client potentiel,. Cherche sac voyage professionnel tournages pitches studios.,. Budget 5500€,.,. créatif cinéma cool, cuir noir...","[""travel_luggage"", ""ready_to_wear""]",0.85,5K-10K,first_visit,tier2_ollama,0.0,2,"[""Medium complexity (218 tokens), NLP suitable""]",0.78,False,,,"creative_media_*,",[],,"{""shopping_with"": [], ""gift_for"": []}","Client est un scénariste de cinéma et séries pour streaming, cherche un sac voyage professionnel. Budget indiqué entre 5K-10K. Intérêt pour des produits avec une histoire et un héritage.","[""vegetarian""]",,
CA_257,2026-05-08,45 min,EN,"Dr,.,. Anderson, 57, chief medical officer hospital system, Mrs. Anderson, 55, hospital CEO healthcare administration, VIP clients since 2015. Power couple healthcare leadership both highest levels. S...","[""medical_specialist"", ""corporate_executive_c_level"", ""shopping_with_spouse"", ""gift_for_business_associate"", ""philanthropy""]",0.95,20k-25k,VIC,tier3_llm,0.0001,3,"[""VIP/VIC client - premium processing""]",0.9,False,,,"chief medical officer hospital system, hospital CEO healthcare administration",[],{},"{""shopping_with"": [""spouse""], ""gift_for"": [""business_associate""]}","Profession includes 'chief medical officer' and 'hospital CEO' -> medical_specialist and corporate_executive_c_level. Shopping with spouse -> shopping_with_spouse. Gifts for healthcare executives -> gift_for_business_associate. Budget is combined and flexible, indicating high value.",,,
CA_258,2026-05-09,33 min,IT,"Signor Russo, per esempio 43 anni, direttore creativo moda maison italiana importante, cliente VIP dal 2017,. Rinnovo collezione primavera più regali team stilisti. Budget 14K molto flessibile. Stile ...","[""creative_fashion_industry"", ""shopping_with_spouse"", ""pescatarian"", ""investment_mindset"", ""seeks_unique_pieces""]",0.95,14K,VIC,tier3_llm,0.0001,3,"[""VIP/VIC client - premium processing""]",0.9,False,,,Direttore creativo moda,[],"{""chemical_sensitivity"": ""moderate""}","{""shopping_with"": [""spouse""], ""gift_for"": []}","Profession 'direttore creativo moda' -> creative_fashion_industry. Shopping with partner implied by 'compagno modello fashion' -> shopping_with_spouse. Pescetariano noted in lifestyle. Budget is specified as 14K, indicating high flexibility. Allergy to certain fabrics suggests a chemical sensitivity, defaulting to moderate severity.",,,
CA_259,2026-05-09,37 min,ES,"Sra. Martínez, 45 años, abogada derechos humanos internacional Naciones Unidas, nueva clienta potencial muy interesante,.,. Busca bolsos profesionales trabajo misiones ONU viajes frecuentes zonas.,. P...","[""legal_corporate"", ""travel_frequent"", ""sustainable_values"", ""vegan""]",0.95,8K,first_visit,tier3_llm,0.0001,3,"[""RGPD keywords detected: ['trans']""]",0.95,False,,,abogada derechos humanos internacional Naciones Unidas,[],{},"{""shopping_with"": [], ""gift_for"": []}",Specific profession 'abogada derechos humanos internacional Naciones Unidas' -> legal_corporate. Frequent travel for UN missions -> travel_frequent. Ethical veganism aligns with sustainable values.,,,
CA_260,2026-05-12,42 min,DE,"Herr und Frau Klein, beide 51, treue Kunden seit 2017.,. Großeinkauf Frühjahr Geschenke Silberhochzeit 25 Jahre Ehe Familie Freunde Feier,. Budget sehr flexibel besprochen 20K. Er Kardiologe Universit...","[""medical_specialist"", ""shopping_with_spouse"", ""milestone_anniversary_25_plus"", ""art_collector""]",0.95,20K,Regular,tier3_llm,0.0001,3,"[""Complex relationship dynamics detected""]",0.82,False,,,"Kardiologe, Kardiologin",[],{},"{""shopping_with"": [""spouse""], ""gift_for"": [""child""]}",Profession 'Kardiologe' and 'Kardiologin' -> medical_specialist. Shopping with spouse -> shopping_with_spouse. Gift for children implied by family context -> gift_for_children. 25 Jahre Ehe -> milestone_anniversary_25_plus. Interest in heart art -> art_collector.,,,
CA_261,2026-05-12,29 min,FR,"Mme Lemoine, 37 ans, responsable RSE grande entreprise CAC40, nouvelle cliente potentiel. Recherche sac professionnel durable responsable réunions stakeholders.,. Budget 6K consciente valeurs durabili...","[""sustainable_values"", ""vegan"", ""chemical_sensitivity"", ""wellness_yoga""]",0.95,5k-10k,first_visit,tier3_llm,0.0001,3,"[""RGPD keywords detected: ['militant', 'trans']""]",0.95,False,,,responsable RSE grande entreprise CAC40,[],"{""chemical_sensitivity"": ""moderate""}","{""shopping_with"": [""spouse""], ""gift_for"": []}",Profession 'responsable RSE grande entreprise CAC40' -> corporate_executive. Budget specified as 6K -> 5k-10k. Client is a new customer -> first_visit. Allergies to chemicals noted as 'sensibilités multiples' -> moderate severity. Shopping with companion who is a consultant in sustainable development -> shopping_with_spouse.,,,
CA_262,2026-05-13,44 min,EN,"Mr what. Taylor, 59, federal judge appellate court, Mrs,. Taylor, 57, law school dean university, VIP clients since 2014,.,. Both legal academic worlds highest levels justice education,.,. Shopping sp...","[""legal_corporate"", ""shopping_with_spouse"", ""philanthropy"", ""book_collector_rare""]",0.95,21K,VIC,tier3_llm,0.0001,3,"[""VIP/VIC client - premium processing""]",0.9,False,,,"federal judge appellate court, law school dean university",[],{},"{""shopping_with"": [""spouse""], ""gift_for"": [""graduates""]}",Profession includes 'federal judge' and 'law school dean' -> legal_corporate and legal_academic. Shopping together as a couple -> shopping_with_spouse. Gifts for law graduates -> gift_for_graduates. Mention of supporting legal education charities indicates philanthropy. Interest in legal history books suggests book_collector_rare.,,,
CA_263,2026-05-13,35 min,IT,"Signora Moretti, 42 anni, se psicologa sport atleti elite performance mentale, cliente così occasionale dal 2021. Cerca borse viaggio trasferte atleti competizioni mondiali frequenti, se,., un po',. B...","[""travel_luggage"", ""ready_to_wear"", ""shopping_with_spouse"", ""gift_for_child""]",0.85,5K-10K,occasional,tier2_ollama,0.0,2,"[""Medium complexity (243 tokens), NLP suitable""]",0.78,False,,,legal_sports_attorney,[],,"{""shopping_with"": [""spouse""], ""gift_for"": [""child""]}","La cliente è una psicologa sportiva con un budget di circa 6K, che cerca borse da viaggio per atleti e abbigliamento professionale. Ha figli atleti promettenti e compra per loro regali. Non ha allergie specifiche menzionate.","[""pescetarian""]",,
CA_264,2026-05-14,38 min,ES,"Sr.,. Díaz, 48 años, arquitecto restauración patrimonio UNESCO experto, cliente regular desde 2020. Busca bolsos trabajo proyectos restauración viajes sitios UNESCO. Presupuesto 9K aproximado, en algu...","[""leather_goods"", ""ready_to_wear""]",0.85,5K-10K,regular,tier2_ollama,0.0,2,"[""Medium complexity (288 tokens), NLP suitable""]",0.78,False,,,legal_expert,"[""nickel_allergy""]",,"{""shopping_with"": [], ""gift_for"": []}","El cliente es un arquitecto experto en restauración de patrimonio UNESCO, busca bolsos para proyectos y viajes, prefiere colores históricos y tiene alergia a polvo antiguo edificios.","[""vegetarian""]",,
CA_265,2026-05-14,40 min,DE,"Frau Schmidt, 49, Professorin Psychologie klinisch Universität, regelmäßige Kundin seit 2018. Sucht Taschen Frühjahr Konferenzen Psychologie zahlreich Praxis Patienten. Budget 8K. Stil professionell b...","[""medical_specialist"", ""shopping_with_spouse"", ""vegetarian"", ""travel_frequent"", ""book_collector_rare""]",0.95,8k-10k,Regular,tier3_llm,0.0001,3,"[""RGPD keywords detected: ['psychiater']""]",0.95,False,,,Professorin Psychologie klinisch,[],{},"{""shopping_with"": [""spouse""], ""gift_for"": []}",Specific profession 'Professorin Psychologie klinisch' -> medical_specialist. Shopping with partner -> shopping_with_spouse. Vegetarian lifestyle noted -> vegetarian tag. Frequent travel for conferences -> travel_frequent. Interest in collecting psychology literature -> book_collector_rare.,,,
CA_266,2026-05-15,32 min,FR,"M,.,. Fournier, 38 ans, trader proprietary trading hedge fund, nouveau client potentiel élevé. Cherche sac professionnel discret trading floor déplacements. Budget 7K., si tu veux,. finance discret so...","[""ready_to_wear"", ""watches""]",0.85,5K-10K,first_visit,tier2_ollama,0.0,2,"[""Medium complexity (246 tokens), NLP suitable""]",0.78,False,,,"finance_*, trader*","[""nickel_allergy""]",,"{""shopping_with"": [], ""gift_for"": []}","Le client est un trader de hedge fund, cherche un sac professionnel et discret pour la trading floor avec un budget de 7K. Il est végétarien et a une allergie au nickel.","[""vegetarian""]",,
CA_267,2026-05-15,46 min,EN,"Dr.,. Wilson and Dr. Wilson, both 55, VIP clients since 2015,. He's chief pediatric surgeon children's hospital, she's pediatric oncologist same hospital, power couple pediatric medicine. Shopping spr...","[""medical_surgeon"", ""medical_specialist"", ""shopping_with_spouse"", ""anniversary_gift"", ""philanthropy""]",0.95,20K,VIC,tier3_llm,0.0001,3,"[""RGPD keywords detected: ['psychologist', 'cancer']""]",0.95,False,,,"Chief pediatric surgeon, pediatric oncologist",[],{},"{""shopping_with"": [""spouse""], ""gift_for"": [""family""]}",Profession as 'chief pediatric surgeon' and 'pediatric oncologist' -> medical_surgeon and medical_specialist. Shopping together for anniversary gifts -> shopping_with_spouse and gift_for_family. Mention of philanthropy and fundraising aligns with the philanthropy tag.,,,
CA_268,2026-05-16,34 min,IT,"Signor Conti, 44 anni, direttore comunicazione azienda tech multinazionale, cliente regolare dal 2020. così Cerca borse professionali nuove primavera viaggi comunicazione corporate eventi. Budget 10K ...","[""ready_to_wear"", ""leather_goods"", ""shopping_with_spouse"", ""gift_for_child""]",0.85,10K-20K,regular,tier2_ollama,0.0,2,"[""Medium complexity (255 tokens), NLP suitable""]",0.78,False,,,"legal_*, tech_*",[],,"{""shopping_with"": [""spouse""], ""gift_for"": [""child""]}","Il cliente è un direttore comunicazione azienda tech, con un budget di circa 10K e sta cercando borse professionali per uso corporativo. Ha una dieta pescetariana e non ha allergie. Sta inoltre costruendo un legame con la sua moglie giornalista tech e i figli interessati alla tecnologia e alla comunicazione.","[""vegetarian""]",,
CA_269,2026-05-16,36 min,ES,"Sra. por ejemplo, un poco. Romero, 46 años, directora fundación educación ONG internacional, nueva clienta potencial interesante,. Busca bolsos profesionales trabajo misiones educativas viajes frecuen...","[""shopping_alone"", ""travel_frequent"", ""sustainable_values"", ""philanthropy""]",0.9,5k-10k,Prospect,tier3_llm,0.0001,3,"[""RGPD keywords detected: ['trans']""]",0.95,False,,,Directora fundación educación ONG internacional,[],{},"{""shopping_with"": [], ""gift_for"": []}",Specific profession 'directora fundación educación ONG internacional' -> entrepreneur_education. Shopping alone indicated. Frequent travel for educational missions aligns with travel_frequent. Values sustainability and philanthropy based on context.,,,
CA_270,2026-05-19,43 min,DE,"Herr und Frau Hoffmann, beide 52, treue Kunden seit 2017. Einkauf Frühjahr Geschenke Kinder Hochschulabschlüsse wie Doktortitel gesehen Meilensteine. also,. Budget zusammen 19K flexibel,., auf gesehen...","[""shopping_with_spouse"", ""gift_for_child"", ""graduation_gift"", ""vegetarian""]",0.95,19K,Regular,tier3_llm,0.0001,3,"[""Complex relationship dynamics detected""]",0.82,False,,,"Professor Physik, Professorin Chemie",[],{},"{""shopping_with"": [""spouse""], ""gift_for"": [""child""]}","Both are professors in science fields -> academic_professor. Shopping together as a couple -> shopping_with_spouse. Gifts for children's graduations -> gift_for_child + graduation_gift. They are vegetarians, which is noted.",,,
CA_271,2026-05-19,30 min,FR,"Mme Girard, 35 ans, ingénieure aérospatiale spatial satellites, nouvelle cliente potentiel,. Cherche sac professionnel moderne ingénierie conférences spatial,.,. Budget 5500€. ingénieur spatial tech, ...","[""tech_enthusiast"", ""shopping_with_spouse"", ""vegetarian"", ""innovation_interest""]",0.92,5k-10k,first_visit,tier3_llm,0.0001,3,"[""RGPD keywords detected: ['trans']""]",0.95,False,,,Ingénieure aérospatiale,[],"{""altitude_pressure_allergy"": ""severe""}","{""shopping_with"": [""spouse""], ""gift_for"": []}",Specific profession 'ingénieure aérospatiale' -> aerospace_engineer. Shopping with partner -> shopping_with_spouse. 'Végétarienne' -> vegetarian. 'Allergie altitude pression importante' indicates severe allergy.,,,
CA_272,2026-05-20,45 min,EN,"Mr. and something Mrs. Martinez, both 60, VIP clients since 2014.,. Both retired C-suite executives Fortune 100 companies successful careers decades,. so, in a way. Shopping spring collection celebrat...","[""corporate_executive_c_level"", ""art_collector"", ""pescatarian"", ""investment_mindset"", ""heritage_importance"", ""budget_very_flexible"", ""retirement_celebration""]",0.95,26K,VIC,tier3_llm,0.0001,3,"[""RGPD keywords detected: ['trans']""]",0.95,False,,,C-suite executive,[],"{""nickel_allergy"": ""moderate""}","{""shopping_with"": [""spouse""], ""gift_for"": []}","Both clients are retired C-suite executives -> corporate_executive_c_level. They have a passion for art -> art_collector. They are pescatarian -> pescatarian. Significant budget and appreciation for heritage and investment pieces -> budget_very_flexible, investment_mindset, heritage_importance. Planning a retirement celebration -> retirement_celebration. Shopping together as a couple -> shopping_with_spouse.",,,
CA_273,2026-05-20,33 min,IT,"Signora Ferrari, 43 anni, avvocata penalista internazionale criminalità organizzata, cliente regolare dal 2020. Cerca borse professionali nuove primavera tribunali processi alto profilo., se. Budget 8...","[""watches"", ""leather_goods"", ""ready_to_wear""]",0.85,5K-10K,regular,tier2_ollama,0.0,2,"[""Medium complexity (248 tokens), NLP suitable""]",0.78,False,,,legal_aviation_criminal,"[""perfume_sensitivity""]",,"{""shopping_with"": [], ""gift_for"": []}","La cliente è un'avvocata penalista internazionale con un budget di 8K, preferisce borse professionali e stile autorevole. Non menziona chiacchiere specifiche su shopping o regali.","[""vegetarian""]",,
CA_274,2026-05-21,37 min,ES,"Sr en alguna forma,. vamos a ver, que. González, 47 años, director orquesta sinfónica juvenil educación musical, nuevo cliente potencial. Busca bolsos trabajo orquesta conciertos educativos viajes gir...","[""creative_arts_music"", ""shopping_with_spouse"", ""travel_frequent"", ""vegetarian"", ""artisan_craft_appreciation""]",0.9,6K,Prospect,tier3_llm,0.0001,3,"[""RGPD keywords detected: ['trans']""]",0.95,False,,,director orquesta sinfónica juvenil educación musical,[],{},"{""shopping_with"": [""spouse""], ""gift_for"": [""child""]}",Profession 'director orquesta sinfónica juvenil educación musical' -> creative_arts_music. Shopping with spouse -> shopping_with_spouse. Children are musicians -> gift_for_children. Budget specified as 6K. Vegetarian lifestyle noted.,,,
CA_275,2026-05-21,40 min,DE,"Frau Weber, 48, Chefärztin Gynäkologie Geburtshilfe Krankenhaus, regelmäßige Kundin seit 2019,. Sucht Taschen Frühjahr Konferenzen Gynäkologie frequent beruflich. Budget 9K,. Stil medizinisch professi...","[""watches"", ""jewelry"", ""ready_to_wear"", ""travel_luggage""]",0.85,5K-10K,regular,tier2_ollama,0.0,2,"[""Medium complexity (290 tokens), NLP suitable""]",0.78,False,,,legal_aviation,"[""latex_allergy""]",,"{""shopping_with"": [], ""gift_for"": []}","Patientin mit medizinischer Ausbildung, frequenter Kundin, bevorzugt warme Farben und medizinisch professionelles Design, interessiert an Frauen- und Kindergesundheit, Allergie auf Latex.","[""vegetarian""]",,
CA_276,2026-05-22,28 min,FR,"M.,. Mercier, 36 ans, product manager tech GAFAM grande entreprise, nouveau client potentiel. Cherche sac voyage professionnel tech déplacements Silicon Valley fréquents à peu près. Budget 5K par exem...","[""travel_luggage"", ""ready_to_wear""]",0.85,5K-10K,first_visit,tier2_ollama,0.0,2,"[""Medium complexity (259 tokens), NLP suitable""]",0.78,False,,,tech_*. entrepreneur*,"[""gluten_free""]",,"{""shopping_with"": [], ""gift_for"": []}","Le client est un product manager tech de GAFAM, nouveau client potentiel, cherche un sac voyage professionnel pour des déplacements fréquents en Silicon Valley. Il a un budget d'environ 5K et est végétarien avec une allergie au gluten.","[""vegetarian""]",,
CA_277,2026-05-22,46 min,EN,"Dr,.,. Thompson and Dr,.,. Thompson, both 56, VIP clients since 2015.,. He's chief neurosurgeon hospital nationally recognized, she's neurologist movement disorders specialist, power couple neuroscien...","[""medical_surgeon"", ""medical_specialist"", ""shopping_with_spouse"", ""gift_for_spouse"", ""anniversary_gift"", ""philanthropy""]",0.95,21K,VIC,tier3_llm,0.0001,3,"[""VIP/VIC client - premium processing""]",0.9,False,,,"Chief neurosurgeon, neurologist movement disorders specialist",[],{},"{""shopping_with"": [""spouse""], ""gift_for"": [""spouse""]}",Profession includes 'chief neurosurgeon' and 'neurologist movement disorders specialist' -> medical_surgeon and medical_specialist. Shopping together for anniversary gifts -> shopping_with_spouse and gift_for_spouse. Combined budget of 21K indicates high value.,,,
CA_278,2026-05-23,34 min,IT,"Signor Ricci, 45 anni, direttore generale azienda moda italiana export mondiale, cliente VIP dal 2018. Cerca un po' borse viaggio lavoro fiere moda mondiali costanti trasferte, in se qualche modo.,. B...","[""entrepreneur_fashion"", ""travel_frequent"", ""golf"", ""pescatarian"", ""heritage_importance"", ""budget_very_flexible""]",0.9,12K,VIC,tier3_llm,0.0001,3,"[""VIP/VIC client - premium processing""]",0.9,False,,,Direttore generale azienda moda italiana export mondiale,[],{},"{""shopping_with"": [""spouse""], ""gift_for"": []}",Profession 'direttore generale azienda moda italiana export mondiale' -> entrepreneur_fashion. Shopping with wife -> shopping_with_spouse. Pescetariano indicates dietary preference -> pescatarian. Budget is specified as 12K and very flexible.,,,
CA_279,2026-05-23,38 min,ES,"Sra.,. Vargas, 44 años, directora recursos humanos hospital público gestión talento, nueva clienta potencial. ves,. Busca bolsos profesionales trabajo gestión RRHH reuniones staff médico. Presupuesto ...","[""leather_goods"", ""ready_to_wear"", ""shopping_with_spouse"", ""gift_for_child""]",0.85,5K-10K,first_visit,tier2_ollama,0.0,2,"[""Medium complexity (268 tokens), NLP suitable""]",0.78,False,,,legal_*.hospital_management,[],,"{""shopping_with"": [""spouse""], ""gift_for"": [""child""]}","La cliente es una directora de recursos humanos en un hospital público que busca bolsos profesionales para su trabajo y gestión del personal médico. Su presupuesto inicial es de 7K, prefiere colores accesibles como beige y rosa tierra. Viaja a congresos de RRHH relacionados con la salud y practica mindfulness. Es vegetariana pero no menciona alergias. Compra junto con su marido administrador del hospital y sus hijos estudian administración de salud.","[""vegetarian""]",,
CA_280,2026-05-26,42 min,DE,"Herr und Frau Schneider, beide 50, treue Kunden seit 2017. Großeinkauf Frühjahr Geschenke Hochzeitstag 23 Jahre Familie Freunde Feier,.,. Budget zusammen 18K flexibel,. Er Unternehmer Software Entwick...","[""entrepreneur_tech"", ""shopping_with_spouse"", ""gift_for_child"", ""anniversary_gift"", ""tech_enthusiast""]",0.95,18K,Regular,tier3_llm,0.0001,3,"[""RGPD keywords detected: ['trans']""]",0.95,False,,,"Unternehmer Software Entwicklung IT-Lösungen, Unternehmensberaterin digitale Transformation",[],{},"{""shopping_with"": [""spouse""], ""gift_for"": [""child""]}",Profession includes 'Unternehmer' and 'Unternehmensberaterin' -> entrepreneur_tech and corporate_executive. Shopping together as a couple -> shopping_with_spouse. Gifts for their anniversary -> anniversary_gift. Children studying in related fields -> gift_for_child. Interest in technology and innovation -> tech_enthusiast.,,,
CA_281,2026-05-26,31 min,FR,"Mme Laurent, 39 ans, directrice artistique agence publicité créative, nouvelle cliente potentiel,. Recherche sac travail créatif agence clients pitches.,. Budget 6K.,. créatif publicitaire, cuir coule...","[""ready_to_wear"", ""leather_goods""]",0.85,5K-10K,first_visit,tier2_ollama,0.0,2,"[""Medium complexity (227 tokens), NLP suitable""]",0.78,False,,,creative_*. directrice artistique agence publicité créative,"[""nickel_allergy""]",,"{""shopping_with"": [], ""gift_for"": []}","La cliente est une directrice artistique créative avec un budget de 6K, intéressée par des sacs pour son travail et sa créativité. Elle a des allergies au nickel et suit un régime végétarien.","[""vegetarian""]",,
CA_282,2026-05-27,44 min,EN,"Mr.,. and Mrs in a way,.,. Davis, both 61, VIP clients since 2014. Both retired university presidents academics leadership decades distinguished careers. Shopping spring collection celebration retirem...","[""shopping_with_spouse"", ""retirement_celebration"", ""philanthropy"", ""vegetarian""]",0.95,20k-25k,VIC,tier3_llm,0.0001,3,"[""RGPD keywords detected: ['trans']""]",0.95,False,,,University President,[],{},"{""shopping_with"": [""spouse""], ""gift_for"": []}",Profession as 'university presidents' indicates 'academic_leader'. Shopping together as a couple -> shopping_with_spouse. Celebrating retirement -> retirement_celebration. Their vegetarian lifestyle aligns with 'vegetarian' tag. No allergies mentioned.,,,
CA_283,2026-05-27,35 min,IT,"Signora Gentile, se 42 anni, psicologa forense tribunali perizie psicologiche, cliente regolare dal 2020.,. Cerca borse professionali nuove primavera tribunali perizie frequenti. Budget 7K. un po', pe...","[""watches"", ""leather_goods"", ""ready_to_wear"", ""shopping_with_spouse""]",0.85,5K-10K,regular,tier2_ollama,0.0,2,"[""Medium complexity (238 tokens), NLP suitable""]",0.78,False,,,legal_psychologist,[],,"{""shopping_with"": [""spouse""], ""gift_for"": []}","La cliente è una psicologa forense con un budget di 7K, preferisce borse professionali e ha specificato essere vegetariana.","[""vegetarian""]",,
CA_284,2026-05-28,36 min,ES,"Sr, si queréis, en alguna forma. Silva, 46 años, director general empresa energías renovables solar, nuevo cliente potencial muy alto,.,. Busca bolsos profesionales trabajo proyectos energía viajes mu...","[""leather_goods"", ""ready_to_wear"", ""shopping_with_spouse"", ""gift_for_child""]",0.85,10K-20K,first_visit,tier2_ollama,0.0,2,"[""Medium complexity (287 tokens), NLP suitable""]",0.78,False,,,finance_venture_capitalist,[],,"{""shopping_with"": [""spouse""], ""gift_for"": [""child""]}","El cliente es un director general de una empresa de energías renovables, busca bolsos profesionales y prendas para viajes y proyectos. Su estilo es ejecutivo sostenible moderno con preferencia por colores naturales. Es vegetariano estricto y su esposa también trabaja en energía renovable. Sus hijos estudian ingeniería energías renovables.","[""vegetarian""]",,
CA_285,2026-05-28,39 min,DE,"Frau Klein, 47, Richterin Landgericht Zivilrecht, regelmäßige Kundin seit 2019.,. Sucht Taschen Frühjahr Gerichtstermine Richteramt täglich. Budget 8K., ein gesehen bisschen. Stil richterlich Autoritä...","[""legal_corporate"", ""vegetarian"", ""sustainable_values""]",0.95,8K,Regular,tier3_llm,0.0001,3,"[""RGPD keywords detected: ['scheidung', 'rechts']""]",0.95,False,,,Richterin Landgericht Zivilrecht,[],{},"{""shopping_with"": [""spouse""], ""gift_for"": []}",Specific profession 'Richterin Landgericht Zivilrecht' -> legal_corporate. Vegetarian lifestyle -> vegetarian tag. Interest in sustainable values and ethical production aligns with sustainable_values tag.,,,
CA_286,2026-05-29,33 min,FR,"M. que,. Petit, 37 ans, chef projet construction grands travaux génie civil, nouveau client potentiel.,. Cherche sac travail robuste chantiers réunions ingénierie. Budget 6K,. ingénieur chantier fonct...","[""leather_goods"", ""ready_to_wear""]",0.85,5K-10K,first_visit,tier2_ollama,0.0,2,"[""Medium complexity (226 tokens), NLP suitable""]",0.78,False,,,legal_engineer,"[""latex_allergy""]",,"{""shopping_with"": [], ""gift_for"": []}","Client est un chef de projet en construction, cherche un sac robuste pour chantiers et réunions. Budget entre 6K. Allergie au ciment poussière. Végétarien pour événements. Pas d'enfants, compagne architecte.","[""vegetarian""]",,
CA_287,2026-05-29,45 min,EN,"Dr.,. Williams and Dr,. Williams, both 55, VIP clients since 2015 I see.,. He's chief psychiatrist mental health facility, she's psychologist clinical trauma therapy, I see power couple mental health....","[""medical_specialist"", ""medical_specialist"", ""shopping_with_spouse"", ""anniversary_gift"", ""philanthropy"", ""vegetarian""]",0.95,19K,VIC,tier3_llm,0.0001,3,"[""RGPD keywords detected: ['psychiatrist', 'psychologist']""]",0.95,False,,,"Chief psychiatrist, psychologist",[],{},"{""shopping_with"": [""spouse""], ""gift_for"": [""family""]}","Profession includes 'chief psychiatrist' and 'psychologist' -> medical_specialist. Shopping together for anniversary gifts -> shopping_with_spouse and gift_for_family. Budget is specified as 19K, indicating high value. Clients are VIP since 2015, indicating a VIC status.",,,
CA_288,2026-06-01,32 min,IT,"Signor Marino, 44 anni, direttore vendite gruppo lusso multinazionale, cliente VIP dal 2018. se Cerca borse viaggio lavoro clienti boutique worldwide frequentissime trasferte.,. Budget che 13K molto f...","[""travel_frequent"", ""pescatarian"", ""art_collector""]",0.95,13K,VIC,tier3_llm,0.0001,3,"[""VIP/VIC client - premium processing""]",0.9,False,,,Direttore vendite gruppo lusso multinazionale,[],{},"{""shopping_with"": [""spouse""], ""gift_for"": [""children""]}",Profession 'direttore vendite gruppo lusso multinazionale' -> corporate_executive. Shopping with wife -> shopping_with_spouse. Children interested in luxury -> gift_for_children. Budget specified as 13K.,,,
CA_289,2026-06-01,37 min,ES,"Sra., veis. Hernández, 45 años, directora fundación arte contemporáneo mecenazgo, clienta VIP desde 2018,.,. Compra temporada primavera más regalos artistas coleccionistas eventos,. Presupuesto 14K mu...","[""creative_arts_visual"", ""shopping_with_spouse"", ""gift_for_child"", ""art_collector"", ""vegan"", ""sustainable_values"", ""philanthropy""]",0.95,14K,VIC,tier3_llm,0.0001,3,"[""VIP/VIC client - premium processing""]",0.9,False,,,Directora fundación arte contemporáneo mecenazgo,[],"{""latex_allergy"": ""important""}","{""shopping_with"": [""spouse""], ""gift_for"": [""child""]}",Profession 'directora fundación arte contemporáneo mecenazgo' -> creative_arts_visual. Shopping with spouse and children involved in art -> shopping_with_spouse and gift_for_child. Vegan lifestyle and strong ethical conviction -> vegan and sustainable_values. Allergy to latex noted as important.,,,
CA_290,2026-06-02,43 min,DE,"Herr und Frau Becker, beide 51, treue Kunden seit 2017,. Einkauf Frühjahr Geschenke Kinder Universitätsabschlüsse Master also Doktor Meilensteine,. Budget zusammen 19K flexibel. Er Professor Biologie ...","[""shopping_with_spouse"", ""gift_for_child"", ""graduation_gift"", ""sustainable_values"", ""artisan_craft_appreciation""]",0.95,19K,Regular,tier3_llm,0.0001,3,"[""Complex relationship dynamics detected""]",0.82,False,,,"Professor Biologie, Professorin Biochemie",[],{},"{""shopping_with"": [""spouse""], ""gift_for"": [""child""]}",Both are professors in the biological sciences -> academic_professor. Shopping together as a couple -> shopping_with_spouse. Gifts for their children's graduations -> gift_for_child + graduation_gift. Their appreciation for organic materials and ethical living aligns with sustainable_values and artisan_craft_appreciation.,,,
CA_291,2026-06-02,29 min,FR,"Mme Morel, 38 ans, responsable innovation digital banque fintech, nouvelle cliente potentiel. pour ainsi dire,. Recherche sac professionnel moderne fintech réunions startups. Budget 6K si tu veux.,. f...","[""finance_banking"", ""entrepreneur_tech"", ""shopping_with_spouse"", ""vegan"", ""vegetarian"", ""innovation_interest""]",0.9,5k-10k,first_visit,tier3_llm,0.0001,3,"[""RGPD keywords detected: ['trans']""]",0.95,False,,,responsable innovation digital banque fintech,[],"{""latex_allergy"": ""moderate""}","{""shopping_with"": [""spouse""], ""gift_for"": []}",Profession 'responsable innovation digital banque fintech' -> finance_banking and entrepreneur_tech. Shopping with spouse indicated. Budget of 6K aligns with '5k-10k'. Moderate severity for latex allergy detected.,,,
CA_292,2026-06-03,46 min,EN,"Mr. and Mrs.,. Johnson, both 62, VIP clients since 2013., so. Both retired senior partners law firm nationally recognized decades legal practice.,. Shopping spring collection celebration retirements b...","[""legal_corporate"", ""shopping_with_spouse"", ""retirement_celebration"", ""philanthropy"", ""book_collector_rare""]",0.95,28K,VIC,tier3_llm,0.0001,3,"[""VIP/VIC client - premium processing""]",0.9,False,,,Senior partners at a nationally recognized law firm,[],{},"{""shopping_with"": [""spouse""], ""gift_for"": []}",Profession as senior partners in a law firm -> legal_corporate. Shopping together as a couple -> shopping_with_spouse. Planning a retirement celebration -> retirement_celebration. Interest in pro bono work and legal history books indicates philanthropy and book collector tags.,,,
CA_293,2026-06-03,34 min,IT,"Signora Rossi, 43 anni, direttrice marketing moda e-commerce piattaforma digitale, cliente regolare dal 2020.,. Cerca borse professionali nuove primavera viaggi digital marketing eventi in qualche man...","[""ready_to_wear"", ""travel_luggage"", ""shopping_with_spouse"", ""gift_for_child""]",0.85,5K-10K,regular,tier2_ollama,0.0,2,"[""Medium complexity (276 tokens), NLP suitable""]",0.78,False,,,"legal_tech_*, tech_*",[],,"{""shopping_with"": [""spouse""], ""gift_for"": [""child""]}","La cliente è una direttrice marketing e-commerce con un budget di approssimativamente 9K, interessata a borse professionali per la primavera e viaggi. La sua dieta è pescetariana e ha una relazione con un sviluppatore tech.","[""vegetarian""]",,
CA_294,2026-06-04,38 min,ES,"Sr. Morales, 47 años, director operaciones hospital privado gestión eficiencia, nuevo cliente potencial muy. Busca bolsos profesionales trabajo gestión operaciones reuniones diarias. ves Presupuesto 1...","[""leather_goods"", ""ready_to_wear"", ""shopping_with_spouse"", ""gift_for_child""]",0.85,10K-20K,first_visit,tier2_ollama,0.0,2,"[""Medium complexity (267 tokens), NLP suitable""]",0.78,False,,,legal_operations_director,[],,"{""shopping_with"": [""spouse""], ""gift_for"": [""child""]}","El cliente es un director operaciones de un hospital privado, busca bolsos profesionales para su trabajo y gestión diaria. Su estilo es ejecutivo y formal, prefiriendo colores como negro, navy y gris. Viaja a congresos de gestión hospitalaria y practica ciclismo. Es pescetario y su esposa es enfermera jefe en un hospital.","[""pescetarian""]",,
CA_295,2026-06-04,41 min,DE,"Frau Schulz, 49, Professorin Soziologie Universität Genderforschung, regelmäßige Kundin seit 2018,. Sucht Taschen Frühjahr Konferenzen Soziologie Gender häufig international., also. Budget 8K.,. Stil ...","[""shopping_with_spouse"", ""sustainable_values""]",0.9,8k,Regular,tier3_llm,0.0001,3,"[""RGPD keywords detected: ['politik', 'aktivist']""]",0.95,False,,,Professorin Soziologie Universität Genderforschung,[],{},"{""shopping_with"": [""spouse""], ""gift_for"": [""children""]}",Specific profession 'Professorin Soziologie' -> academic_professor. Shopping with partner -> shopping_with_spouse. Children studying related fields -> gift_for_children. Budget specified as 8K.,,,
CA_296,2026-06-05,30 min,FR,"M en quelque façon,.,. Bernard, 36 ans, architecte paysagiste projets urbains durables, nouveau client potentiel par exemple,., on va dire. Cherche sac travail projets paysagers chantiers réunions mun...","[""leather_goods"", ""ready_to_wear""]",0.85,5K-10K,first_visit,tier2_ollama,0.0,2,"[""Medium complexity (254 tokens), NLP suitable""]",0.78,False,,,legal_urban_planner,"[""pollen_allergy""]",,"{""shopping_with"": [], ""gift_for"": []}","Le client est un architecte paysagiste avec un budget de 5500€, végétarien et allergique aux pollens. Il n'a pas mentionné d'achat pour une relation spécifique.","[""vegetarian""]",,
CA_297,2026-06-05,44 min,EN,"Dr., so. and Mrs. Anderson, both 58, VIP clients since 2014,.,. He's chief surgical oncologist cancer center, she's oncology nurse practitioner, power couple oncology cancer care.,. Shopping spring co...","[""medical_surgeon"", ""medical_specialist"", ""shopping_with_spouse"", ""gift_for_spouse"", ""anniversary_gift"", ""philanthropy""]",0.95,20K,VIC,tier3_llm,0.0001,3,"[""RGPD keywords detected: ['cancer']""]",0.95,False,,,"Chief surgical oncologist, oncology nurse practitioner",[],{},"{""shopping_with"": [""spouse""], ""gift_for"": [""spouse""]}",Profession includes 'chief surgical oncologist' and 'oncology nurse practitioner' -> medical_surgeon and medical_specialist. Shopping together for anniversary gifts -> shopping_with_spouse and gift_for_spouse. Mention of philanthropy and fundraising aligns with the philanthropy tag.,,,
CA_298,2026-06-06,33 min,IT,"Signor Gentile, 45 anni, direttore generale azienda alimentare gourmet export, se cliente regolare dal 2019. Cerca borse viaggio lavoro fiere alimentari mondial Salone del Gusto Fancy Food,. Budget 11...","[""gastronomy"", ""wine_connoisseur"", ""travel_frequent""]",0.9,10k-15k,Regular,tier3_llm,0.0001,3,"[""Complex relationship dynamics detected""]",0.82,False,,,Direttore generale azienda alimentare gourmet export,[],{},"{""shopping_with"": [""spouse""], ""gift_for"": []}",Profession 'direttore generale azienda alimentare gourmet export' -> corporate_executive. Shopping with wife who is a chef -> shopping_with_spouse. No allergies mentioned.,,,
CA_299,2026-06-06,36 min,ES,"Sra., alrededor de,. Ruiz, 43 años, psicóloga organizacional consultora empresas, nueva clienta potencial por ejemplo, que,. por ejemplo,. Busca bolsos profesionales trabajo consultoría empresas cultu...","[""shopping_with_spouse"", ""gift_for_child"", ""vegetarian"", ""travel_frequent""]",0.9,5k-10k,Prospect,tier3_llm,0.0001,3,"[""Complex relationship dynamics detected""]",0.82,False,,,Psicóloga organizacional consultora empresas,[],{},"{""shopping_with"": [""spouse""], ""gift_for"": [""child""]}",Specific profession 'psicóloga organizacional consultora empresas' -> psychologist_organizational. Shopping with spouse -> shopping_with_spouse. Children mentioned -> gift_for_child. Vegetarian lifestyle noted.,,,
CA_300,2026-06-09,42 min,DE,"Herr und Frau Wagner, beide also 52, treue Kunden seit 2016. Großeinkauf Frühjahr Geschenke Silberhochzeit 25 Jahre Ehe großes Fest geplant,. Budget sehr flexibel besprochen 21K., also,. Er Unternehme...","[""shopping_with_spouse"", ""gift_for_spouse"", ""milestone_anniversary_25_plus"", ""sustainable_values""]",0.95,21K,VIC,tier3_llm,0.0001,3,"[""RGPD keywords detected: ['trans']""]",0.95,False,,,"Unternehmer Logistik Transport internationale Spedition, Unternehmensberaterin Supply Chain Optimierung",[],{},"{""shopping_with"": [""spouse""], ""gift_for"": [""spouse""]}","Profession includes 'Unternehmer Logistik' and 'Unternehmensberaterin Supply Chain' -> tags for logistics and supply chain. Shopping together as a couple -> shopping_with_spouse. Gifts for their 25th wedding anniversary -> gift_for_spouse + milestone_anniversary_25_plus. Budget is specified as 21K, indicating high flexibility.",,,
CA_301,2026-06-09,31 min,FR,"Mme Dupont, 39 ans, dentiste cabinet privé première visite. Recherche sac professionnel discret élégant, à peu près., que, par exemple. Budget 6K environ,. Cuir noir ou marine, hardware doré,., par ex...","[""leather_preference"", ""pollen_allergy"", ""leather_goods"", ""pharmacist"", ""birthday_gift"", ""dentist"", ""gift_for_child""]",0.9,5K-10K,first_visit,tier1_rules,0.0,1,"[""Simple pattern, short note (138 tokens)""]",0.8,False,,,pharmacist,,,"{""shopping_with"": [], ""gift_for"": [""child""]}",,,39.0,female
CA_302,2026-06-10,44 min,EN,"Dr Mitchell and partner both 44 oncologists teaching hospital first time customers excellent potential. Looking multiple pieces celebrate research grant received combined budget 14K flexible,. He coll...","[""ready_to_wear"", ""leather_goods"", ""gift_for_nieces"", ""gift_for_nephews""]",0.85,10K-20K,first_visit,tier2_ollama,0.0,2,"[""Medium complexity (212 tokens), NLP suitable""]",0.78,False,,,medical_ontologist,"[""gluten_allergy""]",,"{""shopping_with"": [], ""gift_for"": [""nieces"", ""nephews""]}","The client is a first-time customer, has a severe gluten allergy and follows a vegan diet. They are interested in sustainable sourcing materials and mentioned hosting academic dinners frequently.","[""vegan""]",,
CA_303,2026-06-10,33 min,ES,"Sr. Ruiz 51 años director cine documentales cliente ocasional desde 2021.,. Busca regalo esposa cumpleaños 48 próximo mes presupuesto 6K aproximado. Ella productora televisión estilo moderno sofistica...","[""shopping_with_spouse"", ""gift_for_spouse"", ""birthday_gift"", ""vegetarian""]",0.9,5k-10k,occasional_client,tier3_llm,0.0001,3,"[""Complex relationship dynamics detected""]",0.82,False,,,director cine documentales,[],"{""latex_allergy"": ""severe""}","{""shopping_with"": [""spouse""], ""gift_for"": [""spouse""]}",Profession 'director cine documentales' -> creative_arts_documentary. Shopping with wife for her birthday -> shopping_with_spouse + gift_for_spouse + birthday_gift. Budget of 6K indicates a high range.,,,
CA_304,2026-06-11,26 min,IT,"Signor Ferretti 36 anni sviluppatore software AI startup successo nuovo cliente altissimo potenziale. Prima visita esplorazione brand budget molto aperto discusso 10K oggi più futuro., così. Stile tec...","[""entrepreneur_tech"", ""shopping_with_spouse"", ""gift_for_parent"", ""anniversary_gift"", ""travel_frequent"", ""tech_enthusiast""]",0.9,10k-20k,first_visit,tier3_llm,0.0001,3,"[""Complex relationship dynamics detected""]",0.82,False,,,Sviluppatore software AI startup,[],"{""penicillin_allergy"": ""moderate""}","{""shopping_with"": [""spouse""], ""gift_for"": [""parent""]}","Profession 'sviluppatore software AI startup' -> entrepreneur_tech. Shopping with girlfriend -> shopping_with_spouse. Gift for parents' anniversary -> gift_for_parent + anniversary_gift. Budget discussed is open, leaning towards 10K.",,,
CA_305,2026-06-11,47 min,DE,Frau und Herr Hoffmann beide Anfang 60 treue Kunden seit 2014. Große Einkaufsession neue Saison plus Geschenke Kinder budget sehr flexibel besprochen 22K. weißt du. Sie also Professorin Literatur Univ...,"[""legal_corporate"", ""shopping_with_spouse"", ""gift_for_child"", ""travel_frequent"", ""art_collector"", ""vegetarian""]",0.95,22K,VIC,tier3_llm,0.0001,3,"[""RGPD keywords detected: ['rechts']""]",0.95,False,,,"Professorin Literatur, Rechtsanwalt",[],{},"{""shopping_with"": [""spouse""], ""gift_for"": [""child""]}","Profession includes 'Rechtsanwalt' and 'Professorin Literatur' -> legal_corporate and academic_professor. Shopping together as a couple -> shopping_with_spouse. Gift for daughter who is getting married -> gift_for_child. Budget discussed is 22K, indicating high flexibility.",,,
CA_306,2026-06-12,29 min,FR,"M.,. Bernard 29 ans influenceur voyage lifestyle 1,2M abonnés YouTube nouveau client très intéressant. Cherche pièces qualité contenus création voyages budget 8K aujourd'hui potentiel achats réguliers...","[""travel_frequent"", ""creative_*"", ""vegan""]",0.85,5K-10K,first_visit,tier2_ollama,0.0,2,"[""Medium complexity (215 tokens), NLP suitable""]",0.78,False,,,creative_%,"[""nut_allergy""]",,"{""shopping_with"": [], ""gift_for"": []}","Client est un influenceur voyage et créatif avec un budget de 8K, allergique aux arachides et végétarien. Il n'a pas mentionné d'achat pour une relation spécifique.","[""vegetarian""]",,
CA_307,2026-06-12,36 min,EN,"Mrs, more or less,. Patterson 53 museum curator contemporary art regular client since 2019. Looking new handbag versatile work events budget 5-6K.,. Style artistic sophisticated understated elegance, ...","[""ready_to_wear"", ""art_collector"", ""gift_for_son""]",0.85,5K-10K,regular,tier2_ollama,0.0,2,"[""Medium complexity (219 tokens), NLP suitable""]",0.78,False,,,legal_aviation,"[""nickel_allergy""]",,"{""shopping_with"": [], ""gift_for"": [""son""]}","The client is a regular museum curator with a refined taste for art and handbags, has a vegetarian diet, and is allergic to nickel. She plans to gift her son who is an architect.","[""vegetarian""]",,
CA_308,2026-06-13,41 min,IT,Signora e Signor Greco coppia 45-48 anni clienti VIP dal 2017. Shopping importante collezione primavera più regali multipli budget combinato 18K molto flessibile. Lei scrittrice romanzi bestseller lui...,"[""creative_arts_visual"", ""media_professional"", ""shopping_with_spouse"", ""gift_for_child"", ""gift_for_child""]",0.9,18K,VIC,tier3_llm,0.0001,3,"[""VIP/VIC client - premium processing""]",0.9,False,,,"Scrittore romanzi bestseller, Editore casa editrice",[],"{""lactose_intolerance"": ""severe""}","{""shopping_with"": [""spouse""], ""gift_for"": [""child""]}",Profession includes 'scrittore' and 'editore' -> creative_arts_visual and media_professional. Shopping together as a couple -> shopping_with_spouse. Gift for their daughter -> gift_for_child. Lactose intolerance mentioned as important -> severe.,,,
CA_309,2026-06-13,34 min,ES,"Sra,. López 41 años por ejemplo cirujana plástica clínica prestigiosa nueva clienta potencial alto. Busca bolsos profesionales elegantes trabajo presupuesto 7K inicial. Estilo moderno sofisticado disc...","[""medical_surgeon"", ""shopping_alone"", ""gift_for_child"", ""investment_mindset"", ""vegan"", ""sustainable_values""]",0.95,7K,Prospect,tier3_llm,0.0001,3,"[""Complex relationship dynamics detected""]",0.82,False,,,Cirujana plástica,[],{},"{""shopping_with"": [], ""gift_for"": [""child""]}",Specific profession 'cirujana plástica' -> medical_surgeon. Shopping alone indicated. Gift for daughter -> gift_for_child. Interest in quality and investment mindset noted.,,,
CA_310,2026-06-16,43 min,DE,"Herr Schmidt 38 Unternehmer nachhaltige Mode Startup Erfolg neuer Kunde sehr interessant.,. Sucht Qualitätsstücke nach Geschäftswachstum budget offen besprochen 12K heute auf eine also Art,.,. Stil wi...","[""entrepreneur_fashion"", ""sustainable_values"", ""art_collector"", ""travel_frequent"", ""wellness_yoga""]",0.9,12K,new_client,tier3_llm,0.0001,3,"[""RGPD keywords detected: ['trans']""]",0.95,False,,,Unternehmer nachhaltige Mode,[],{},"{""shopping_with"": [], ""gift_for"": [""sibling"", ""parents""]}",Specific profession 'Unternehmer nachhaltige Mode' -> entrepreneur_fashion. Interested in sustainable values and art collection. Budget discussed is 12K. Gift for sister's wedding and parents' anniversary.,,,
CA_311,2026-06-16,30 min,FR,"Mme Girard 56 ans architecte paysagiste renommée cliente régulière depuis 2020, plus ou moins. Renouvelle sacs travail chantiers rendez-vous clients budget 4500€, que.,. naturel élégant terre cuirs co...","[""ready_to_wear"", ""leather_goods"", ""shopping_with_spouse"", ""gift_for_child"", ""gift_for_parent""]",0.85,5K-10K,regular,tier2_ollama,0.0,2,"[""Medium complexity (197 tokens), NLP suitable""]",0.78,False,,,legal_*.professor_university,"[""pollen_allergy""]",,"{""shopping_with"": [""spouse""], ""gift_for"": [""child"", ""parent""]}","Mme Girard est une cliente régulière, architecte paysagiste et végétarienne stricte avec des allergies au pollen. Elle a un budget de 4500€ pour des sacs travail chantiers. Elle est mariée à un professeur d'université et achète pour sa fille architecte et sa mère jardinier, ainsi que son fils chef restaurant étoilé.","[""vegetarian""]",,
CA_312,2026-06-17,51 min,EN,"Mr if you will, so,. and Mrs. so,. Chen both late 30s first time customers ultra-high potential. He's founder successful fintech unicorn she's venture capitalist.,. Looking to establish luxury wardrob...","[""entrepreneur_tech"", ""finance_investment"", ""shopping_with_spouse"", ""gift_for_child"", ""travel_frequent"", ""sustainable_values"", ""innovation_interest""]",0.95,30K+,first_visit,tier3_llm,0.0001,3,"[""RGPD keywords detected: ['trans']""]",0.95,False,,,"founder successful fintech unicorn, venture capitalist",[],"{""nut_allergy"": ""severe""}","{""shopping_with"": [""spouse""], ""gift_for"": [""child""]}",Profession includes 'founder successful fintech unicorn' and 'venture capitalist' -> entrepreneur_tech and finance_investment. Shopping with spouse -> shopping_with_spouse. Gift opportunities for twin daughters -> gift_for_child. Severe peanut allergy noted -> nut_allergy with severity severe. Interest in travel and sustainability aligns with travel_frequent and sustainable_values.,,,
CA_313,2026-06-17,36 min,IT,Signora Romano 47 anni direttrice marketing multinazionale cliente occasionale dal 2021. Cerca borse nuove per lavoro viaggio frequente budget 9K approssimativo. Stile professionale elegante moderno p...,"[""travel_luggage"", ""ready_to_wear""]",0.85,5K-10K,occasional,tier2_ollama,0.0,2,"[""Medium complexity (203 tokens), NLP suitable""]",0.78,False,,,legal_*.entrepreneur*,[],,"{""shopping_with"": [], ""gift_for"": []}","La cliente è una direttrice marketing multinazionale, cerca borse nuove per lavoro e viaggio con un budget di approssimativamente 9K. Ha preferenze stili professionali eleganti moderni in nero navy grigio. Non ha menzionato allergie o regimi alimentari specifici, ma è una pescetariana per eventi boutique. Non ha menzionato nessuna relazione di shopping o doni.","[""vegetarian""]",,
CA_314,2026-06-18,39 min,ES,"Sr. Fernández ves y Sra.,. Fernández pareja 52-55 años clientes VIP desde 2015, más o menos. ves, que. Compras importante temporada primavera más regalos familia amigos presupuesto combinado 16K flexi...","[""wine_connoisseur"", ""art_collector"", ""pescatarian"", ""shopping_with_spouse"", ""gift_for_child""]",0.95,16K flexible,VIC,tier3_llm,0.0001,3,"[""VIP/VIC client - premium processing""]",0.9,False,,,"propietario bodegas vino Rioja, sommelier consultora internacional",[],"{""lactose_intolerance"": ""severe""}","{""shopping_with"": [""spouse""], ""gift_for"": [""child""]}",Profession includes 'propietario bodegas' and 'sommelier' -> wine_connoisseur. Shopping with spouse -> shopping_with_spouse. Gift for child inferred from family context. Severe lactose intolerance detected.,,,
CA_315,2026-06-18,43 min,DE,Frau Becker 34 Opernsängerin international neue Kundin hohes Potenzial. Sucht Qualitätsstücke Reisen Auftritte weltweit budget flexibel 13K besprochen. Stil elegant künstlerisch raffiniert liebt beson...,"[""creative_arts_music"", ""shopping_with_spouse"", ""gift_for_spouse"", ""art_collector"", ""travel_frequent"", ""wellness_yoga""]",0.95,13K,first_visit,tier3_llm,0.0001,3,"[""Complex relationship dynamics detected""]",0.82,False,,,Opernsängerin international,[],"{""chemical_sensitivity"": ""moderate""}","{""shopping_with"": [""spouse""], ""gift_for"": [""spouse""]}",Profession 'Opernsängerin international' -> creative_arts_music. Shopping with partner -> shopping_with_spouse. Gift possibility for partner's birthday -> gift_for_spouse. Interest in unique pieces and travel aligns with art collector and travel frequent tags. Allergy to food colors indicates a chemical sensitivity.,,,
CA_316,2026-06-19,31 min,FR,"M. par exemple,. Leroy 44 ans journaliste reporter grands médias client occasionnel depuis 2022.,. Achat sac voyage solide léger zones parfois difficiles budget 4K,. fonctionnel discret cuir noir marr...","[""travel_luggage"", ""ready_to_wear""]",0.85,under_5K,occasional,tier2_ollama,0.0,2,"[""Medium complexity (199 tokens), NLP suitable""]",0.78,False,,,media_*,"[""sea_fruit_allergy""]",,"{""shopping_with"": [], ""gift_for"": []}","Le client est un journaliste reporter de grands médias, voyageant souvent pour des reportages dans des zones difficiles. Il a un budget limité et recherche un sac voyage robuste et léger. Il est végétarien et a une allergie sévère aux fruits de mer.","[""vegetarian""]",,
CA_317,2026-06-19,49 min,EN,"Dr, in a way. kind of, if you will. and Mrs. Hamilton both 58 distinguished academics philosophy literature regular VIP clients since 2016 what,. Shopping session new season plus anniversary gifts eac...","[""shopping_with_spouse"", ""gift_for_spouse"", ""anniversary_gift"", ""art_collector"", ""travel_frequent""]",0.95,19K,VIC,tier3_llm,0.0001,3,"[""VIP/VIC client - premium processing""]",0.9,False,,,Philosophy professor and literature critic,[],{},"{""shopping_with"": [""spouse""], ""gift_for"": [""spouse""]}","Clients are distinguished academics in philosophy and literature, indicating specific professions. Shopping together for anniversary gifts -> shopping_with_spouse and gift_for_spouse. Budget is specified as 19K, indicating high flexibility.",,,
CA_318,2026-06-20,34 min,IT,Signor Marini 39 anni chef ristorante due stelle Michelin cliente nuovo potenziale eccellente. Cerca regalo compagna 35 anni anniversario fidanzamento budget 7K flessibile. Lei manager ristorante insi...,"[""entrepreneur_hospitality"", ""gift_for_spouse"", ""anniversary_gift"", ""vegetarian"", ""pescatarian"", ""artisan_craft_appreciation""]",0.9,5k-10k,first_visit,tier3_llm,0.0001,3,"[""Complex relationship dynamics detected""]",0.82,False,,,Chef ristorante due stelle Michelin,[],{},"{""shopping_with"": [""spouse""], ""gift_for"": [""spouse""]}","Profession 'chef ristorante due stelle Michelin' -> entrepreneur_hospitality. Shopping for anniversary gift for his partner -> gift_for_spouse + anniversary_gift. Dietary preferences noted as pescatarian and vegetarian, but no allergies mentioned.",,,
CA_319,2026-06-20,37 min,ES,"Sra., veis,. Navarro 50 años galerista arte contemporáneo galería propia clienta VIP desde 2018. Renueva colección bolsos nuevas exposiciones eventos galería presupuesto 10K aproximado. Estilo artísti...","[""creative_arts_visual"", ""art_collector"", ""travel_frequent"", ""vegan"", ""sustainable_values""]",0.95,10K,VIC,tier3_llm,0.0001,3,"[""VIP/VIC client - premium processing""]",0.9,False,,,Galerista arte contemporáneo,[],"{""latex_allergy"": ""severe""}","{""shopping_with"": [], ""gift_for"": []}","Profession 'galerista arte contemporáneo' -> creative_arts_visual. Client is a VIP since 2018, indicating high status -> VIC. Budget of 10K indicates a specific range. 'Vegana convicción ética fuerte' indicates vegan and sustainable values. 'Alergia látex importante' indicates severe latex allergy.",,,
CA_320,2026-06-23,44 min,DE,"Herr und Frau Zimmermann beide gesehen 46 regelmäßige Kunden seit 2019.,. Einkauf Frühjahrskollektion plus Geschenke Eltern beide Seiten budget zusammen 14K flexibel. Er Investmentbanker Luxembourg si...","[""finance_investment"", ""interior_design"", ""shopping_with_spouse"", ""gift_for_child""]",0.9,14K,Regular,tier3_llm,0.0001,3,"[""Complex relationship dynamics detected""]",0.82,False,,,"Investmentbanker, Innenarchitektin",[],{},"{""shopping_with"": [""spouse""], ""gift_for"": [""child""]}",Profession includes 'Investmentbanker' -> finance_investment and 'Innenarchitektin' -> interior_design. Shopping together as a couple -> shopping_with_spouse. Gift for their son studying engineering -> gift_for_child.,,,
CA_321,2026-06-23,29 min,FR,"Mme Dubois 33 ans avocate droit affaires cabinet international nouvelle cliente potentiel élevé,.,. Cherche sac travail élégant fonctionnel déplacements fréquents budget 5K. professionnel moderne cuir...","[""leather_goods"", ""ready_to_wear"", ""gift_for_fiancé""]",0.85,5K-10K,first_visit,tier2_ollama,0.0,2,"[""Medium complexity (192 tokens), NLP suitable""]",0.78,False,,,legal_aviation,"[""nickel_allergy""]",,"{""shopping_with"": [], ""gift_for"": [""fiancé""]}","La cliente est une avocate de droit international, cherche un sac pour son travail, a un budget de 5K-10K et est végane avec une allergie au nickel. Elle mentionne des cadeaux pour son fiancé.","[""vegan""]",,
CA_322,2026-06-24,47 min,EN,"Mr,.,. Roberts 62 Mrs. Roberts 59 retired hedge fund manager former gallerist VIP clients since 2013. Major shopping session celebrate sold London home moving permanently Provence budget very flexible...","[""finance_investment"", ""art_collector"", ""wine_connoisseur"", ""opera_theater"", ""pescatarian"", ""heritage_importance"", ""budget_very_flexible""]",0.95,High,VIC,tier3_llm,0.0001,3,"[""RGPD keywords detected: ['party']""]",0.95,False,,,"retired hedge fund manager, former gallerist",[],"{""gout_condition"": ""moderate""}","{""shopping_with"": [""spouse""], ""gift_for"": [""child""]}","Profession indicates finance_investment and creative_arts_visual. Shopping with spouse and frequent gifting opportunities for children. Pescatarian dietary restriction noted, and gout condition is a health concern.",,,
CA_323,2026-06-24,32 min,IT,"Signora Ricci 44 anni psicologa clinica studio privato cliente regolare dal 2020,. se. Cerca rinnovo un po' borse professionali primavera budget 6K. Stile elegante discreto professionale preferisce co...","[""ready_to_wear"", ""leather_goods"", ""shopping_with_spouse"", ""gift_for_child""]",0.85,5K-10K,regular,tier2_ollama,0.0,2,"[""Medium complexity (219 tokens), NLP suitable""]",0.78,False,,,legal_*. avocat d'affaires,[],,"{""shopping_with"": [""spouse""], ""gift_for"": [""child""]}","La cliente è una psicologa clinica con un studio privato e cerca borse professionali per il rinnovo. Il budget è di 6K, stile professionale e elegante. Non ha menzionato allergie o restrizioni alimentari specifiche.","[""vegetarian""]",,
CA_324,2026-06-25,38 min,ES,Sr. García y Sra. García pareja 38-40 años nuevos clientes alto potencial. Él fundador startup tecnología sí vendida recientemente ella diseñadora moda freelance. Celebran éxito financiero reciente qu...,"[""entrepreneur_tech"", ""creative_fashion_industry"", ""vegan"", ""sustainable_values"", ""travel_frequent"", ""wellness_yoga""]",0.95,18K,first_visit,tier3_llm,0.0001,3,"[""RGPD keywords detected: ['trans']""]",0.95,False,,,"fundador startup tecnología, diseñadora moda freelance",[],{},"{""shopping_with"": [""spouse""], ""gift_for"": []}",Specific professions 'fundador startup tecnología' -> entrepreneur_tech and 'diseñadora moda freelance' -> creative_fashion_industry. Shopping together as a couple -> shopping_with_spouse. No allergies mentioned.,,,
CA_325,2026-06-25,40 min,DE,"Frau Müller 51 Chefredakteurin Mode-Magazin regelmäßige Kundin seit 2018.,. Sucht neue Taschen Frühjahrssaison berufliche Events zahlreich budget 8K gesehen, wie,. mehr oder weniger, also. Stil avantg...","[""creative_fashion_industry"", ""shopping_alone"", ""gift_for_child"", ""graduation_gift"", ""innovation_interest""]",0.95,8k,Regular,tier3_llm,0.0001,3,"[""Complex relationship dynamics detected""]",0.82,False,,,Chefredakteurin Mode-Magazin,[],"{""sulfite_allergy"": ""moderate""}","{""shopping_with"": [], ""gift_for"": [""child""]}","Profession 'Chefredakteurin Mode-Magazin' -> creative_fashion_industry. Shopping alone indicated. Gift for niece's graduation -> gift_for_child + graduation_gift. Allergy to sulfites detected, severity set to moderate.",,,
CA_326,2026-06-26,47 min,FR,"M.,. et Mme Rousseau couple 55-58 ans clients VIP depuis 2015,. du coup,. Session shopping importante collection printemps plus cadeaux anniversaire mariage 30 ans budget combiné 20K très flexible,. L...","[""medical_specialist"", ""philanthropy"", ""shopping_with_spouse"", ""gift_for_child"", ""anniversary_gift""]",0.95,20K,VIC,tier3_llm,0.0001,3,"[""VIP/VIC client - premium processing""]",0.9,False,,,"Cardiologue chef service hôpital universitaire, philanthrope présidente fondation caritative",[],"{""lactose_intolerance"": ""severe""}","{""shopping_with"": [""spouse""], ""gift_for"": [""child""]}",Profession 'cardiologue' -> medical_specialist. 'Philanthrope' indicates involvement in philanthropy. Shopping together as a couple -> shopping_with_spouse. Gifts for their anniversary -> anniversary_gift. 'Intolérance lactose importante' -> lactose_intolerance with severity severe.,,,
CA_327,2026-06-26,35 min,EN,"Ms.,. Taylor 29 professional dancer ballet company new client interesting potential. Looking for pieces celebrate promotion principal dancer budget 4K initial likely increase future success. in a mann...","[""watches"", ""jewelry"", ""ready_to_wear"", ""shoes"", ""gift_for_partner""]",0.8,under_5K,first_visit,tier2_ollama,0.0,2,"[""Medium complexity (266 tokens), NLP suitable""]",0.78,False,,,legal_profession,"[""shellfish_allergy""]",,"{""shopping_with"": [], ""gift_for"": [""partner""]}","The client is a professional dancer with a strict plant-based diet and severe shellfish allergy. She is looking for elegant, functional pieces to celebrate her promotion as a principal dancer within a budget of under $5K. The gift opportunity for her partner is mentioned, but no children are involved.","[""vegan""]",,
CA_328,2026-06-27,42 min,IT,"Signor e Signora Conti entrambi 50 anni clienti fedeli dal 2016. più o meno. Shopping sessione primavera più regali genitori entrambi lati famiglia budget combinato 17K flessibile,. Lui avvocato penal...","[""watches"", ""shoes"", ""ready_to_wear"", ""travel_luggage"", ""shopping_with_spouse"", ""gift_for_parent"", ""gift_for_child""]",0.85,10K-20K,regular,tier2_ollama,0.0,2,"[""Medium complexity (271 tokens), NLP suitable""]",0.78,False,,,"legal_*, creative_*",[],,"{""shopping_with"": [""spouse""], ""gift_for"": [""parent"", ""child""]}","La sessione di shopping è per regali ai genitori e alla figlia, con un budget flessibile intorno a 17K. Entrambi i clienti sono professionisti intensi e pubblici, quindi la presentazione impeccabile è importante. La preferenza per il look sobrio e elegante suggerisce watches, shoes e ready_to_wear. Il viaggio negli Stati Uniti per una conferenza suggerisce travel_luggage.","[""vegetarian""]",,
CA_329,2026-06-27,33 min,ES,"Sra. Morales 36 años arquitecta estudio propio proyectos sostenibles nueva clienta potencial muy.,. Busca bolso trabajo reuniones clientes importante causar impresión profesional presupuesto 5K inicia...","[""sustainable_values"", ""vegan"", ""shopping_with_spouse""]",0.9,5k-10k,Prospect,tier3_llm,0.0001,3,"[""RGPD keywords detected: ['trans']""]",0.95,False,,,Arquitecta,[],"{""latex_allergy"": ""severe""}","{""shopping_with"": [""spouse""], ""gift_for"": []}",Specific profession 'arquitecta' -> architect_green. Shopping with partner -> shopping_with_spouse. 'Alergia látex importante' indicates severe latex allergy.,,,
CA_330,2026-06-30,44 min,DE,Herr Schneider 47 Neurochirurg Universitätsklinik Frau Schneider 45 Professorin Neurowissenschaften exzellente Kunden seit 2017. Große Einkaufssession Frühling plus Geschenke Kinder Hochschulabschlüss...,"[""medical_surgeon"", ""medical_specialist"", ""shopping_with_spouse"", ""gift_for_child"", ""graduation_gift"", ""gift_for_child""]",0.95,21K,Regular,tier3_llm,0.0001,3,"[""Complex relationship dynamics detected""]",0.82,False,,,Neurochirurg,[],{},"{""shopping_with"": [""spouse""], ""gift_for"": [""child""]}",Profession 'Neurochirurg' -> medical_surgeon. Shopping with spouse -> shopping_with_spouse. Gifts for children's graduations -> gift_for_child + graduation_gift.,,,
CA_331,2026-06-30,30 min,FR,"Mme Martin 42 ans créatrice mode marque propre succès croissant cliente occasionnelle depuis 2021.,. Recherche pièces inspiration designs également usage personnel budget 7K environ,.,. avant-gardiste...","[""ready_to_wear"", ""jewelry"", ""leather_goods"", ""travel_luggage""]",0.85,5K-10K,occasional,tier2_ollama,0.0,2,"[""Medium complexity (228 tokens), NLP suitable""]",0.78,False,,,creative_*. entrepreneur*,"[""nickel_allergy""]",,"{""shopping_with"": [], ""gift_for"": []}","La cliente es una creadora de moda con un presupuesto moderado, busca inspiración y piezas únicas para su colección, tiene alergia a la níquel y sigue una dieta vegetariana estricta.","[""vegan""]",,
CA_332,2026-07-01,40 min,EN,"Mr, so, something. and Mrs.,. Lee both 52 regular clients since 2018.,. He's investment banker private equity she's interior designer high-end residential projects. Shopping new season plus gifts pare...","[""finance_investment"", ""creative_arts_visual"", ""interior_design"", ""art_collector"", ""travel_frequent"", ""pescatarian"", ""latex_allergy""]",0.9,15K,Regular,tier3_llm,0.0001,3,"[""Complex relationship dynamics detected""]",0.82,False,,,"investment banker private equity, interior designer high-end residential projects",[],"{""latex_allergy"": ""moderate""}","{""shopping_with"": [""spouse""], ""gift_for"": [""parent""]}",Profession includes 'investment banker private equity' and 'interior designer high-end residential projects' -> finance_investment and creative_arts_visual + interior_design. Shopping with spouse -> shopping_with_spouse. Gifts for parents' birthdays -> gift_for_parent. Budget of 15K is flexible.,,,
CA_333,2026-07-01,33 min,IT,Signora Bellini 38 anni violinista orchestra filarmonica nuova cliente potenziale interessante. Cerca borse viaggio tournée internazionali frequenti proteggere strumento prezioso budget 6K iniziale se...,"[""travel_luggage"", ""ready_to_wear"", ""gift_for_child""]",0.8,5K-10K,first_visit,tier2_ollama,0.0,2,"[""Medium complexity (237 tokens), NLP suitable""]",0.78,False,,,legal_profession,"[""latex_allergy""]",,"{""shopping_with"": [], ""gift_for"": [""child""]}","La cliente è una violinista orchestra filarmonica con un budget iniziale di 6K, interessata a borse viaggio per la sua tournée internazionale. È vegetariana e ha una allergia al latex. Non si menziona chiacchiera specificamente di shopping con il marito o regali per i genitori.","[""vegetarian""]",,
CA_334,2026-07-02,48 min,ES,"Sr. ves,. Vega y Sra. Vega pareja 60-62 años clientes VIP excelentes desde 2014,., vamos a veis ver. Shopping sesión grande colección primavera más regalos hijos nietos múltiples ocasiones presupuesto...","[""interior_design"", ""travel_frequent"", ""artisan_craft_appreciation"", ""pescatarian"", ""budget_very_flexible""]",0.95,23K,VIC,tier3_llm,0.0001,3,"[""VIP/VIC client - premium processing""]",0.9,False,,,"Empresario construcción, decoradora interiores",[],"{""gluten_intolerance"": ""severe""}","{""shopping_with"": [""spouse""], ""gift_for"": [""child"", ""grandchild""]}",Profession 'empresario construcción' -> entrepreneur_construction and 'decoradora interiores' -> interior_design. Shopping together as a couple -> shopping_with_spouse. Gifts for children and grandchildren -> gift_for_child and gift_for_grandchild. Severe gluten intolerance detected.,,,
CA_335,2026-07-02,31 min,DE,Frau Wagner 35 Softwareentwicklerin Tech-Unternehmen Führung neue Kundin hohes Potenzial. Sucht Qualitätsstücke nach Beförderung Teamleiterin budget 9K heute mehr zukünftig wahrscheinlich. Stil modern...,"[""tech_*"", ""creative_*"", ""vegan""]",0.85,5K-10K,first_visit,tier2_ollama,0.0,2,"[""Medium complexity (230 tokens), NLP suitable""]",0.78,False,,,"tech_*, creative_*",[],,"{""shopping_with"": [], ""gift_for"": []}","Die Kundin ist eine Softwareentwicklerin aus der Tech-Branche, hat ein hohes Einkommen und sucht nach Qualitätsstücken. Sie ist vegan und reist regelmäßig zu Konferenzen in Silicon Valley und Tokyo. Sie hat keine Allergien und kein Interesse an Geschenken für andere.","[""vegan""]",,
CA_336,2026-07-03,37 min,FR,M. Durand 48 ans chirurgien orthopédiste clinique privée client régulier depuis 2019. Achat sacs nouveaux collection printemps usage professionnel déplacements hôpitaux budget 6500€. classique profess...,"[""watches"", ""leather_goods"", ""shoes"", ""ready_to_wear"", ""gift_for_child"", ""gift_for_spouse""]",0.85,5K-10K,regular,tier2_ollama,0.0,2,"[""Medium complexity (209 tokens), NLP suitable""]",0.78,False,,,medical_avocat_d_affaires,"[""latex_allergy""]",,"{""shopping_with"": [], ""gift_for"": [""child"", ""spouse""]}","Le client est un chirurgien orthopédiste avec un budget de 6500€ pour des sacs professionnels, mentionne une allergie latex et a des relations familiales avec sa femme pharmacienne et ses deux enfants.","[""vegetarian""]",,
CA_337,2026-07-03,45 min,EN,"Mrs.,. Wilson 41 former professional athlete turned sports commentator TV new client high potential what. Looking for wardrobe upgrade new TV career requiring polished appearance budget I see 11K init...","[""media_professional"", ""shopping_with_children"", ""gift_for_child"", ""self_purchase"", ""travel_frequent"", ""wellness_yoga"", ""sustainable_values""]",0.95,10k-15k,VIC,tier3_llm,0.0001,3,"[""VIP/VIC client - premium processing""]",0.9,False,,,former professional athlete turned sports commentator,[],"{""nut_allergy"": ""severe""}","{""shopping_with"": [""children""], ""gift_for"": [""child""]}","Profession as a sports commentator aligns with media_professional. Shopping with teenage children indicates shopping_with_children. Gift opportunities for children suggest gift_for_child. Severe nut allergy noted, and lifestyle choices indicate travel_frequent and wellness_yoga.",,,
CA_338,2026-07-04,34 min,IT,"Signor Russo 53 se anni direttore creativo agenzia pubblicità importante cliente VIP dal 2017, se.,. Rinnova collezione borse primavera più regalo moglie San Valentino budget 12K combinato.,. Lui mond...","[""creative_arts_visual"", ""shopping_with_spouse"", ""gift_for_spouse"", ""graduation_gift"", ""pescatarian""]",0.95,12K,VIC,tier3_llm,0.0001,3,"[""VIP/VIC client - premium processing""]",0.9,False,,,Direttore creativo agenzia pubblicità,[],"{""chemical_sensitivity"": ""severe""}","{""shopping_with"": [""spouse""], ""gift_for"": [""spouse""]}",Profession 'direttore creativo agenzia pubblicità' -> creative_arts_visual. Shopping with wife -> shopping_with_spouse. Gift for wife for San Valentino -> gift_for_spouse. Mention of 'allergia profumi forti' indicates severe chemical sensitivity.,,,
CA_339,2026-07-04,39 min,ES,"Sra, por ejemplo,. sí,. Jiménez 44 años abogada derechos humanos ONG internacional nueva clienta potencial muy interesante, sí. un poco,. Busca piezas calidad durabilidad viajes sí misiones frecuentes...","[""travel_frequent"", ""sustainable_values"", ""artisan_craft_appreciation"", ""philanthropy"", ""vegan""]",0.9,5k-10k,Prospect,tier3_llm,0.0001,3,"[""RGPD keywords detected: ['trans']""]",0.95,False,,,Abogada derechos humanos ONG internacional,[],{},"{""shopping_with"": [], ""gift_for"": []}",Specific profession 'abogada derechos humanos ONG internacional' -> legal_human_rights. Frequent traveler for humanitarian missions -> travel_frequent. Values sustainability and artisan craft appreciation due to her work and lifestyle choices.,,,
CA_340,2026-07-07,43 min,DE,"Herr und Frau Koch beide 49 treue Kunden seit 2015 weißt du,. Großer Einkauf Frühjahrskollektion plus Geschenke Jubiläum 20 Jahre Ehe budget sehr flexibel besprochen 19K. Er Architekt eigenes Büro nac...","[""shopping_with_spouse"", ""gift_for_child"", ""anniversary_gift"", ""sustainable_values"", ""travel_frequent""]",0.95,19K,Regular,tier3_llm,0.0001,3,"[""Complex relationship dynamics detected""]",0.82,False,,,"Architekt, Landschaftsarchitektin",[],{},"{""shopping_with"": [""spouse""], ""gift_for"": [""child""]}",Profession includes 'Architekt' and 'Landschaftsarchitektin' -> tags for architecture. Shopping together as a couple -> shopping_with_spouse. Anniversary gift for 20 years of marriage -> anniversary_gift. No allergies mentioned.,,,
CA_341,2026-07-07,30 min,FR,Mme Blanc 37 ans cheffe restaurant gastronomique étoile Michelin nouvelle cliente potentiel excellent. Recherche sac élégant usage quotidien restaurant événements culinaires budget 5500€. par exemple....,"[""ready_to_wear"", ""leather_goods""]",0.85,5K-10K,first_visit,tier2_ollama,0.0,2,"[""Medium complexity (252 tokens), NLP suitable""]",0.78,False,,,legal_creative,"[""nut_allergy""]",,"{""shopping_with"": [], ""gift_for"": []}","Client est une cheffe de restaurant gastronomique avec un budget de 5500€ pour un sac élégant, préfère des cuirs naturels et a une allergie aux fruits de mer.","[""vegetarian""]",,
CA_342,2026-07-08,46 min,EN,"Mr., so. Thompson 55 CEO pharmaceutical company Mrs. Thompson what 52 board member multiple charities VIP clients since 2014. Major shopping session spring collection plus gifts children grandchildren...","[""corporate_executive_c_level"", ""philanthropy"", ""art_collector"", ""pescatarian"", ""budget_very_flexible""]",0.95,Unknown,VIC,tier3_llm,0.0001,3,"[""VIP/VIC client - premium processing""]",0.9,False,,,CEO pharmaceutical company,[],"{""nickel_allergy"": ""moderate""}","{""shopping_with"": [""spouse""], ""gift_for"": [""child"", ""grandchild""]}","Profession 'CEO pharmaceutical company' -> corporate_executive_c_level. Shopping with spouse -> shopping_with_spouse. Gifts for children and grandchildren -> gift_for_child + gift_for_spouse. Pescatarian dietary preference noted, and budget is extremely flexible.",,,
CA_343,2026-07-08,34 min,IT,"Signora Rizzo 46 anni psicoterapeuta studio privato clientela alto profilo cliente regolare dal 2020. Cerca rinnovo così borse professionali primavera presentazione importante budget 7K, così.,. Stile...","[""shopping_with_spouse"", ""gift_for_child"", ""vegetarian"", ""wellness_yoga""]",0.95,7K,Regular,tier3_llm,0.0001,3,"[""RGPD keywords detected: ['burnout']""]",0.95,False,,,Psicoterapeuta,[],{},"{""shopping_with"": [""spouse""], ""gift_for"": [""child""]}","Specific profession 'psicoterapeuta' -> psychotherapist. Shopping with husband -> shopping_with_spouse. Gift for daughter -> gift_for_child. Vegetarian choice noted, but no specific allergy mentioned.",,,
CA_344,2026-07-09,38 min,ES,"Sr. sí,. Moreno 41 años productor musical discos platino múltiples artistas nuevo cliente potencial muy alto.,. sí Busca piezas lujo celebrar éxito reciente álbum número uno charts presupuesto muy abi...","[""creative_arts_music"", ""shopping_alone"", ""milestone_celebration"", ""vegan"", ""sustainable_values"", ""artisan_craft_appreciation"", ""innovation_interest""]",0.9,14K,Prospect,tier3_llm,0.0001,3,"[""RGPD keywords detected: ['trans']""]",0.95,False,,,Productor musical,[],"{""pollen_allergy"": ""severe""}","{""shopping_with"": [], ""gift_for"": []}","Profession 'productor musical' -> creative_arts_music. No mention of shopping companions or gifts. 'Alergia polen severa' -> pollen_allergy with severity severe. Budget discussed is 14K, indicating a high potential client.",,,
CA_345,2026-07-09,41 min,DE,"Frau Fischer 50 Chefärztin Kardiologie Krankenhaus regelmäßige Kundin seit 2018., gesehen,. Sucht Taschen neue Saison berufliche Konferenzen zahlreich budget 9K. ein wenig,. Stil professionell elegant...","[""watches"", ""travel_luggage"", ""ready_to_wear""]",0.85,5K-10K,regular,tier2_ollama,0.0,2,"[""Medium complexity (238 tokens), NLP suitable""]",0.78,False,,,legal_heart_disease_researcher,"[""penicillin_allergy""]",,"{""shopping_with"": [], ""gift_for"": []}","Patientin ist eine regelmäßige Kundin, die für ihre berufliche Nutzung Taschen, Uhr und Kleidung sucht im Budget von 9K. Sie ist Vegetarierin und hat eine Penicillin-Allergie.","[""vegetarian""]",,
CA_346,2026-07-10,33 min,FR,M. Garnier 43 ans directeur artistique maison haute couture client VIP depuis 2016. Renouvelle collection accessoires plus cadeaux équipe studio création budget 11K flexible. Lui monde mode couture ha...,"[""creative_fashion_industry"", ""shopping_alone"", ""high_network_documented"", ""innovation_interest""]",0.9,11K,VIC,tier3_llm,0.0001,3,"[""VIP/VIC client - premium processing""]",0.9,False,,,Directeur artistique maison haute couture,[],"{""chemical_sensitivity"": ""severe""}","{""shopping_with"": [], ""gift_for"": [""team""]}",Profession 'directeur artistique maison haute couture' -> creative_fashion_industry. Shopping alone for team gifts -> shopping_alone + gift_for_team. Allergy to certain textile colorants -> chemical_sensitivity with severity severe.,,,
CA_347,2026-07-10,49 min,EN,"Dr, something.,. and Mrs. Anderson both 56 academics anthropology archaeology regular VIP clients since 2015.,. Shopping session something spring collection plus gifts family upcoming expedition celeb...","[""shopping_with_spouse"", ""travel_frequent"", ""artisan_craft_appreciation""]",0.9,18K,VIC,tier3_llm,0.0001,3,"[""VIP/VIC client - premium processing""]",0.9,False,,,Archaeology professor and anthropologist,[],{},"{""shopping_with"": [""spouse""], ""gift_for"": [""children""]}",Profession includes 'archaeology professor' and 'anthropologist' -> academic_professor. Shopping with spouse -> shopping_with_spouse. Gifts for children mentioned -> gift_for_children. Frequent travel for research -> travel_frequent. Appreciation for craftsmanship and cultural heritage -> artisan_craft_appreciation.,,,
CA_348,2026-07-11,35 min,IT,"Signor Colombo 48 anni direttore finanziario multinazionale cliente regolare dal 2019 se. Cerca borse viaggio lavoro spostamenti frequenti Europa Asia budget 8K approssimativo se,., che. Stile profess...","[""travel_luggage"", ""watches""]",0.85,5K-10K,regular,tier2_ollama,0.0,2,"[""Medium complexity (218 tokens), NLP suitable""]",0.78,False,,,finance_*. executive*,"[""nut_allergy""]",,"{""shopping_with"": [], ""gift_for"": []}","Il cliente è un direttore finanziario con un budget di circa 8K, ha una preferenza per borse viaggio e orologi mechanical watches. È pescetariano e ha una allergia ai crostacei.","[""vegetarian""]",,
CA_349,2026-07-11,33 min,ES,"Sra. Castro 39 años periodista investigativa premiada múltiples reconocimientos nueva clienta potencial alto por ejemplo,. Busca bolso trabajo resistente elegante reportajes campo presupuesto 6K inici...","[""ready_to_wear"", ""leather_goods""]",0.8,5K-10K,first_visit,tier2_ollama,0.0,2,"[""Medium complexity (258 tokens), NLP suitable""]",0.78,False,,,legal_*,[],,"{""shopping_with"": [], ""gift_for"": []}","La cliente es una periodista investigativa que busca un bolso de trabajo resistente y elegante, con un presupuesto inicial de 6K. No menciona específicamente comprar para alguien más.","[""vegetarian""]",,
CA_350,2026-07-14,47 min,DE,"Herr und Frau Bauer beide 51 treue Kunden seit 2016.,. Große Einkaufssession Frühjahr plus Silberhochzeit Geschenke gegenseitig budget sehr flexibel besprochen 20K. Er Unternehmensberater internationa...","[""shopping_with_spouse"", ""gift_for_child"", ""milestone_celebration"", ""art_collector"", ""book_collector_rare""]",0.92,20K,VIC,tier3_llm,0.0001,3,"[""Complex relationship dynamics detected""]",0.82,False,,,"Unternehmensberater internationale Strategie, Personalentwicklung",[],{},"{""shopping_with"": [""spouse""], ""gift_for"": [""child""]}",Profession 'Unternehmensberater internationale Strategie' -> entrepreneur_consulting. Shopping with spouse -> shopping_with_spouse. Gift for children during milestone celebrations -> gift_for_child + milestone_celebration. Interest in art and rare books -> art_collector + book_collector_rare.,,,
CA_351,2026-07-14,32 min,FR,Mme Lefevre 34 ans avocate fiscaliste cabinet affaires nouvelle cliente potentiel élevé. Cherche sac travail professionnel rendez-vous clients tribunaux budget 4K initial. sobre élégant juridique cuir...,"[""leather_goods"", ""ready_to_wear""]",0.85,under_5K,first_visit,tier2_ollama,0.0,2,"[""Medium complexity (198 tokens), NLP suitable""]",0.78,False,,,legal_finance_,"[""pollen_allergy""]",,"{""shopping_with"": [], ""gift_for"": []}","La cliente est une avocate fiscaliste, a un budget initial de 4K pour un sac professionnel et a des allergies au pollen.","[""vegetarian""]",,
CA_352,2026-07-15,43 min,EN,"Mr. Jackson 48 film producer independent films festival circuit new client very high potential.,. Looking for pieces celebrate recent film Cannes selection official competition budget very open discus...","[""creative_arts_visual"", ""shopping_alone"", ""vegan"", ""sustainable_values"", ""artisan_craft_appreciation"", ""investment_mindset""]",0.95,16K,VIC,tier3_llm,0.0001,3,"[""RGPD keywords detected: ['trans']""]",0.95,False,,,film producer independent films,[],"{""gluten_intolerance"": ""severe""}","{""shopping_with"": [], ""gift_for"": []}","Profession 'film producer independent films' aligns with creative_arts_visual. Shopping alone indicated. 'Vegan' and 'severe gluten allergy' noted, reflecting sustainable values and health sensitivities. Budget discussed is 16K, indicating high potential client status.",,,
CA_353,2026-07-15,35 min,IT,"Signora Moretti 52 anni direttrice museo arte per esempio contemporanea città importante cliente VIP dal 2018 un po',.,. Rinnovo collezione primavera più regali inaugurazione mostra grande budget 10K ...","[""creative_arts_visual"", ""art_collector"", ""pescatarian"", ""budget_very_flexible""]",0.95,10K,VIC,tier3_llm,0.0001,3,"[""VIP/VIC client - premium processing""]",0.9,False,,,Direttrice museo arte,[],"{""nickel_allergy"": ""severe""}","{""shopping_with"": [""spouse""], ""gift_for"": []}","Profession 'direttrice museo arte' aligns with 'creative_arts_visual'. Client is a VIP since 2018, indicating high status. 'Pescetariana' indicates dietary preference, and 'budget 10K' shows flexibility. 'Allergia metalli nichel importante' indicates severe nickel allergy.",,,
CA_354,2026-07-16,32 min,ES,Sr. Pérez 40 años empresario tecnología blockchain startup unicornio nuevo cliente potencial altísimo. Busca establecer guardarropa lujo después exit exitoso empresa presupuesto extremadamente flexibl...,"[""entrepreneur_tech"", ""shopping_with_spouse"", ""vegan"", ""sustainable_values"", ""innovation_interest"", ""budget_very_flexible"", ""art_collector"", ""nft_digital_art_collector""]",0.95,20K+,Prospect,tier3_llm,0.0001,3,"[""RGPD keywords detected: ['trans']""]",0.95,False,,,empresario tecnología blockchain startup unicornio,[],{},"{""shopping_with"": [""spouse""], ""gift_for"": []}","Specific profession 'empresario tecnología blockchain startup unicornio' -> entrepreneur_tech. Shopping with girlfriend -> shopping_with_spouse. Vegan lifestyle noted -> vegan and sustainable_values tags. Budget discussed as extremely flexible, starting at 20K+.",,,
CA_355,2026-07-16,38 min,DE,"Frau Weber 45 Dirigentin Sinfonieorchester regelmäßige Kundin seit 2019.,. Sucht Taschen Saison plus Geschenke Orchestermusiker wichtige Jubiläen budget 11K,. Stil elegant künstlerisch klassisch bevor...","[""creative_arts_music"", ""shopping_with_spouse"", ""gift_for_child"", ""milestone_celebration"", ""art_collector""]",0.95,11K,Regular,tier3_llm,0.0001,3,"[""Complex relationship dynamics detected""]",0.82,False,,,Dirigentin Sinfonieorchester,[],{},"{""shopping_with"": [""spouse""], ""gift_for"": [""child""]}",Specific profession 'Dirigentin Sinfonieorchester' -> creative_arts_music. Shopping with partner -> shopping_with_spouse. Family context indicates gifts for children -> gift_for_child. Budget indicates a significant purchase for milestone celebrations.,,,
CA_356,2026-07-17,29 min,FR,"M. Mercier 37 ans data scientist entreprise tech IA nouveau client potentiel. Cherche sac voyage professionnel déplacements clients fréquents budget 6K.,. tech moderne fonctionnel mais aime qualité pa...","[""travel_luggage"", ""ready_to_wear""]",0.85,5K-10K,first_visit,tier2_ollama,0.0,2,"[""Medium complexity (221 tokens), NLP suitable""]",0.78,False,,,tech_*. data scientist entreprise tech IA,"[""nut_allergy""]",,"{""shopping_with"": [], ""gift_for"": []}","Le client est un data scientist dans une entreprise tech IA, cherche un sac voyage professionnel pour des déplacements fréquents. Il a mentionné être végétarien et avoir une allergie aux arachides. Le budget est entre 5K-10K.","[""vegetarian""]",,
CA_357,2026-07-17,44 min,EN,"Mrs.,. Rodriguez and Mr., in so a way. Rodriguez both 50 regular VIP clients since 2017, if you will. Major shopping spring collection plus gifts extended family numerous occasions combined budget 21K...","[""interior_design"", ""entrepreneur_real_estate"", ""art_collector"", ""pescatarian"", ""heritage_importance"", ""budget_very_flexible""]",0.9,21K,VIC,tier3_llm,0.0001,3,"[""VIP/VIC client - premium processing""]",0.9,False,,,"Interior designer, Real estate developer",[],{},"{""shopping_with"": [""spouse""], ""gift_for"": [""child""]}",Profession includes 'interior designer' and 'real estate developer' -> tags for creative and entrepreneurial fields. Shopping together as a couple -> shopping_with_spouse. Mention of children and family traditions indicates gifts for children -> gift_for_child.,,,
CA_358,2026-07-18,30 min,IT,"Signor Vitale 42 anni giornalista economico quotidiano finanziario nazionale cliente occasionale dal 2021. Cerca borsa professionale interviste trasferte economiche frequenti budget 5K se, che.,. Stil...","[""ready_to_wear""]",0.85,5K-10K,occasional,tier2_ollama,0.0,2,"[""Medium complexity (223 tokens), NLP suitable""]",0.78,False,,,legal_profession,"[""nut_allergy""]",,"{""shopping_with"": [], ""gift_for"": []}","Il cliente è un giornalista economico con un budget di 5K-10K, non sta comprando per qualcuno specifico e ha una preferenza per il nero, navy e grigio. Ha menzionato allergie a crostacei.","[""vegetarian""]",,
CA_359,2026-07-18,36 min,ES,"Sra.,. Torres 47 años psicoanalista formación freudiana consultorio privado clienta regular desde 2020,. Renueva bolsos profesionales primavera consultorio pacientes alto perfil presupuesto 8K aproxim...","[""watches"", ""leather_goods"", ""ready_to_wear"", ""shopping_with_spouse"", ""gift_for_child""]",0.85,5K-10K,regular,tier2_ollama,0.0,2,"[""Medium complexity (248 tokens), NLP suitable""]",0.78,False,,,legal_*.avocat d'affaires,"[""latex_allergy""]",,"{""shopping_with"": [""spouse""], ""gift_for"": [""child""]}","La cliente es una psicoanalista con un presupuesto de aproximadamente 8K, busca bolsos profesionales y posiblemente relojes. Es vegetariana y tiene alergia a látex.","[""vegetarian""]",,
CA_360,2026-07-21,42 min,DE,"Herr und Frau Richter beide 54 treue Kunden seit 2016,.,. Großeinkauf Frühjahrskollektion plus Geschenke Kinder Meilensteine Karriere budget sehr flexibel besprochen 19K. Er Herzchirurg Universitätskl...","[""medical_surgeon"", ""medical_specialist"", ""shopping_with_spouse"", ""gift_for_child"", ""gift_for_child"", ""budget_very_flexible"", ""art_collector"", ""book_collector_rare""]",0.95,19K,VIC,tier3_llm,0.0001,3,"[""Complex relationship dynamics detected""]",0.82,False,,,"Herzchirurg Universitätsklinik, Professorin Medizinethik",[],{},"{""shopping_with"": [""spouse""], ""gift_for"": [""child""]}",Profession includes 'Herzchirurg' and 'Professorin Medizinethik' -> medical_surgeon and medical_specialist. Shopping together as a couple -> shopping_with_spouse. Gifts for children mentioned -> gift_for_child. Budget discussed as very flexible at 19K.,,,
CA_361,2026-07-21,28 min,FR,"Mme Arnaud 40 ans sommelière chef cave restaurant trois étoiles nouvelle cliente potentiel excellent. Recherche sac élégant usage professionnel événements vins budget 5500€.,. raffiné discret cuirs to...","[""watches"", ""leather_goods"", ""ready_to_wear""]",0.85,5K-10K,first_visit,tier2_ollama,0.0,2,"[""Medium complexity (221 tokens), NLP suitable""]",0.78,False,,,legal_aviation,"[""sulfites_allergy""]",,"{""shopping_with"": [], ""gift_for"": []}","La cliente est une sommelière chef cave de restaurant trois étoiles, avec un budget de 5500€ pour un sac élégant d'usage professionnel. Elle a des allergies aux sulfites certains vins et suit un régime végétarien.","[""vegetarian""]",,
CA_362,2026-07-22,46 min,EN,"Dr or so, I see. Thompson 59 cardiologist private practice Mrs. Thompson 57 former professor mathematics retired VIP clients since 2015. Major shopping session spring collection plus gifts children gr...","[""medical_specialist"", ""shopping_with_spouse"", ""gift_for_child"", ""opera_theater"", ""vegetarian"", ""heritage_importance"", ""investment_mindset""]",0.95,High,VIC,tier3_llm,0.0001,3,"[""VIP/VIC client - premium processing""]",0.9,False,,,Cardiologist,[],"{""shellfish_allergy"": ""severe""}","{""shopping_with"": [""spouse""], ""gift_for"": [""child"", ""grandchild""]}",Profession 'cardiologist' -> medical_specialist. Shopping with spouse -> shopping_with_spouse. Gifts for children and grandchildren -> gift_for_child + gift_for_grandchild. Shellfish allergy detected with severity severe.,,,
CA_363,2026-07-22,33 min,IT,"Signora Esposito 38 anni avvocata diritti umani organizzazione internazionale nuova cliente potenziale interessante,. Cerca borse resistenti eleganti missioni campo frequenti zone complicate budget 6K...","[""leather_goods"", ""travel_luggage"", ""ready_to_wear""]",0.85,5K-10K,first_visit,tier2_ollama,0.0,2,"[""Medium complexity (252 tokens), NLP suitable""]",0.78,False,,,legal_ngo,"[""pollen_allergy""]",,"{""shopping_with"": [], ""gift_for"": []}","La cliente è un'avvocata di diritti umani per ONG, ha un budget di 6K e cerca borse resistenti e eleganti per viaggi frequenti in zone complicate. È vegana e ha allergie multiple a pollini.","[""vegan""]",,
CA_364,2026-07-23,37 min,ES,"Sr,. Romero 54 años director orquesta sinfónica internacional renombre cliente VIP desde 2017. ves,. Compra importante temporada más regalos músicos orquesta jubilaciones presupuesto 13K flexible,. Es...","[""creative_arts_music"", ""shopping_with_spouse"", ""gift_for_child"", ""retirement_celebration"", ""artisan_craft_appreciation""]",0.95,13K,VIC,tier3_llm,0.0001,3,"[""VIP/VIC client - premium processing""]",0.9,False,,,director orquesta sinfónica,[],{},"{""shopping_with"": [""spouse""], ""gift_for"": [""child""]}",Profession 'director orquesta sinfónica' -> creative_arts_music. Shopping with spouse -> shopping_with_spouse. Gift for children musicians -> gift_for_child. Retirement celebration for musicians -> retirement_celebration. Appreciation for artisan craftsmanship noted.,,,
CA_365,2026-07-23,40 min,DE,"Frau Klein 43 Chefredakteurin Lifestyle-Magazin Premium regelmäßige Kundin seit 2019., ein gesehen bisschen, also ein wenig. Sucht Taschen Frühling beruflich Events zahlreich Fashion Weeks budget 10K....","[""ready_to_wear"", ""travel_luggage""]",0.85,10K-20K,regular,tier2_ollama,0.0,2,"[""Medium complexity (240 tokens), NLP suitable""]",0.78,False,,,legal_aviation,"[""nickel_allergy""]",,"{""shopping_with"": [], ""gift_for"": []}","Die Kundin ist eine Chefredakteurin eines Lifestyle-Magazins, die regelmäßig shoppt und sich für Mode-Events interessiert. Sie hat einen beschränkten Budget von 10K-20K, lebt ein aktives Leben mit Reisen zu Fashion Weeks und pflegt eine pescetarische Ernährung. Sie ist nickel-allergisch.","[""vegetarian""]",,
CA_366,2026-07-24,31 min,FR,"M par exemple,. Lambert 35 ans architecte spécialisé patrimoine restauration monuments nouveau client potentiel,.,. Cherche sac travail chantiers patrimoine rendez-vous institutions culturelles budget...","[""leather_goods"", ""travel_luggage""]",0.85,5K-10K,first_visit,tier2_ollama,0.0,2,"[""Medium complexity (249 tokens), NLP suitable""]",0.78,False,,,legal_aviation,"[""nickel_allergy""]",,"{""shopping_with"": [], ""gift_for"": []}","Le client est un architecte spécialisé dans le patrimoine et recherche un sac de travail pour ses chantiers, avec des préférences en cuir classique et intemporel. Il a une allergie à la poussière sévère et suit un régime végétarien.","[""vegetarian""]",,
CA_367,2026-07-24,45 min,EN,"Mr. and Mrs. White both 61 I see retired corporate so executives something VIP clients since 2014. what,. Major shopping celebration sold business recently significant liquidity event budget very flex...","[""corporate_executive_c_level"", ""shopping_with_spouse"", ""gift_for_child"", ""milestone_celebration"", ""travel_frequent"", ""art_collector"", ""heritage_importance"", ""investment_mindset""]",0.95,High,VIC,tier3_llm,0.0001,3,"[""VIP/VIC client - premium processing""]",0.9,False,,,Retired corporate executive,[],"{""gout"": ""moderate""}","{""shopping_with"": [""spouse""], ""gift_for"": [""child""]}",Profession as retired corporate executive -> corporate_executive_c_level. Shopping with spouse -> shopping_with_spouse. Gift opportunities for children -> gift_for_child. Milestone celebration for family gatherings -> milestone_celebration. Frequent travel and art collection indicate lifestyle preferences.,,,
CA_368,2026-07-25,34 min,IT,"Signor Gentile 49 anni professore filosofia università importante pubblicazioni internazionali cliente regolare dal 2020,.,. Cerca borse nuove primavera conferenze accademiche frequenti budget 7K.,. S...","[""ready_to_wear"", ""leather_goods"", ""shopping_with_spouse"", ""gift_for_child""]",0.85,5K-10K,regular,tier2_ollama,0.0,2,"[""Medium complexity (265 tokens), NLP suitable""]",0.78,False,,,legal_academic,[],,"{""shopping_with"": [""spouse""], ""gift_for"": [""child""]}","Il cliente è un professore filosofia con un budget di 7K, cerca borse nuove per la primavera e ha una preferenza per il stile intellettuale sobrio elegante. La moglie è anche professore università e i figli sono studiosi. Il cliente è vegetariano ma non menziona allergie.","[""vegetarian""]",,
CA_369,2026-07-25,39 min,ES,"Sra. Silva 45 años directora fundación arte contemporáneo importante ciudad clienta VIP desde 2018.,. Compras temporada primavera más regalos artistas exposiciones inauguraciones presupuesto 12K flexi...","[""creative_arts_visual"", ""art_collector"", ""vegan"", ""sustainable_values"", ""philanthropy""]",0.95,12K flexible,VIC,tier3_llm,0.0001,3,"[""VIP/VIC client - premium processing""]",0.9,False,,,directora fundación arte contemporáneo,[],"{""latex_allergy"": ""severe""}","{""shopping_with"": [""spouse""], ""gift_for"": []}","Profession 'directora fundación arte contemporáneo' aligns with 'creative_arts_visual'. Client is a VIP since 2018, indicating high status. Budget is specified as 12K flexible. 'Vegana convicción fuerte' indicates vegan and 'alergia látex importante' indicates severe latex allergy. No specific gift context was mentioned.",,,
CA_370,2026-07-28,43 min,DE,"Herr und Frau Hoffmann beide 47 regelmäßige Kunden seit 2018,. Einkauf Frühjahr plus Geschenke Eltern beide Seiten Jubiläen budget zusammen 17K flexibel. Er Anwalt Wirtschaftsrecht internationale Mand...","[""legal_corporate"", ""shopping_with_spouse"", ""gift_for_child"", ""anniversary_gift"", ""art_collector"", ""pescatarian"", ""investment_mindset""]",0.95,17K,Regular,tier3_llm,0.0001,3,"[""RGPD keywords detected: ['rechts']""]",0.95,False,,,"Anwalt Wirtschaftsrecht, Steuerberaterin",[],{},"{""shopping_with"": [""spouse""], ""gift_for"": [""child""]}",Profession 'Anwalt Wirtschaftsrecht' and 'Steuerberaterin' -> legal_corporate and legal_tax. Shopping together as a couple -> shopping_with_spouse. Gift for children due to upcoming occasions -> gift_for_child. Budget of 17K indicates flexibility and investment mindset.,,,
CA_371,2026-07-28,29 min,FR,Mme Bonnet 36 ans urbaniste consultante projets smart cities nouvelle cliente potentiel intéressant. Cherche sac professionnel moderne réunions municipalités institutions budget 5500€. moderne tech fo...,"[""sustainable_values"", ""vegan"", ""shopping_alone""]",0.9,5k-10k,first_visit,tier3_llm,0.0001,3,"[""RGPD keywords detected: ['trans']""]",0.95,False,,,Urbaniste consultante projets smart cities,[],"{""pollen_allergy"": ""moderate""}","{""shopping_with"": [], ""gift_for"": []}",Profession 'urbaniste consultante projets smart cities' -> urban_planner. Budget of 5500€ indicates a high range. 'Végane stricte' -> vegan tag. Allergy to urban pollen is noted as moderate severity.,,,
CA_372,2026-07-29,47 min,EN,Dr. Martinez 56 surgeon trauma center Mrs. Martinez 54 nurse educator hospital VIP clients since 2016. Major shopping spring collection anniversary 25 years marriage celebration combined budget 20K ve...,"[""medical_surgeon"", ""medical_specialist"", ""shopping_with_spouse"", ""gift_for_spouse"", ""milestone_anniversary_25_plus"", ""pescatarian"", ""lactose_intolerance""]",0.95,20K,VIP,tier3_llm,0.0001,3,"[""RGPD keywords detected: ['party']""]",0.95,False,,,Surgeon,[],"{""lactose_intolerance"": ""moderate""}","{""shopping_with"": [""spouse""], ""gift_for"": [""spouse""]}","Profession 'surgeon' -> medical_surgeon. Shopping with spouse -> shopping_with_spouse. Gift for spouse's anniversary -> gift_for_spouse + milestone_anniversary_25_plus. Pescatarian diet noted, and lactose intolerance detected with default severity.",,,
CA_373,2026-07-29,32 min,IT,"Signora Caruso 41 anni psicoterapeuta infantile studio privato scuole cliente regolare dal 2020,.,. Cerca borse nuove primavera lavoro scuole che consultazioni budget 6K. Stile rassicurante così elega...","[""shopping_with_spouse"", ""gift_for_child"", ""vegetarian"", ""wellness_yoga""]",0.9,6K,Regular,tier3_llm,0.0001,3,"[""Complex relationship dynamics detected""]",0.82,False,,,Psicoterapeuta infantile,[],{},"{""shopping_with"": [""spouse""], ""gift_for"": [""child""]}",Specific profession 'psicoterapeuta infantile' -> psychologist_child. Shopping with husband -> shopping_with_spouse. Gift for children indicated -> gift_for_child. Vegetarian lifestyle noted -> vegetarian tag.,,,
CA_374,2026-07-30,36 min,ES,"Sr,. de alguna manera, si queréis,. Ruiz 50 años piloto comercial que aerolínea internacional capitán nuevo cliente potencial.,. Busca maletas bolsos viaje uso profesional constante vuelos presupuesto...","[""travel_luggage"", ""leather_goods"", ""shopping_with_spouse""]",0.85,5K-10K,first_visit,tier2_ollama,0.0,2,"[""Medium complexity (234 tokens), NLP suitable""]",0.78,False,,,legal_aviation_professional,[],,"{""shopping_with"": [""spouse""], ""gift_for"": []}","El cliente es un piloto comercial de aerolínea internacional, nuevo cliente potencial que busca maletas y bolsos para viajes profesionales. Su estilo preferido es funcional y práctico, con un presupuesto de 8K. Es coleccionista de maquetas de aviones y practica ciclismo montaña en fines de semana. Su dieta es pescetariana y no mencionó alergias. Viaja rutas intercontinentales y su esposa también trabaja en la misma aerolínea, con hijos pequeños.","[""pescetarian""]",,
CA_375,2026-07-30,41 min,DE,"Frau Schulz 44 Verlegerin Buchverlag literarisch Herr Schulz 46 Literaturagent Kunden VIP seit 2017,. Shopping Frühjahrskollektion plus Geschenke Autoren Agenten Jubiläen budget zusammen 16K flexibel....","[""creative_arts_visual"", ""shopping_with_spouse"", ""gift_for_child"", ""budget_very_flexible"", ""book_collector_rare""]",0.9,16K,VIC,tier3_llm,0.0001,3,"[""VIP/VIC client - premium processing""]",0.9,False,,,Verlegerin Buchverlag,[],{},"{""shopping_with"": [""spouse""], ""gift_for"": []}",Profession 'Verlegerin Buchverlag' aligns with creative_arts_visual. Shopping with husband -> shopping_with_spouse. Budget of 16K indicates flexibility. No allergies mentioned.,,,
CA_376,2026-07-31,30 min,FR,M. Roux 38 ans photographe mode commercial campagnes internationales nouveau client potentiel excellent. Cherche sacs voyage équipement photo déplacements shootings constants budget 7K. créatif cool m...,"[""travel_luggage"", ""leather_goods""]",0.85,5K-10K,first_visit,tier2_ollama,0.0,2,"[""Medium complexity (223 tokens), NLP suitable""]",0.78,False,,,creative_*. entrepreneur*,"[""latex_allergy""]",,"{""shopping_with"": [], ""gift_for"": []}","Client est un photographe mode commercial, nouveau client potentiel avec budget de 7K pour des sacs voyage et équipement photo. Il a une allergie au latex et suit un régime végétarien.","[""vegetarian""]",,
CA_377,2026-07-31,44 min,EN,"Mrs. Kim and Mr,. what, so. Kim both 49 regular VIP clients since 2016,. He's venture capitalist tech startups she's entrepreneur fashion e-commerce platform successful exit. what. Shopping major spri...","[""entrepreneur_tech"", ""entrepreneur_fashion"", ""shopping_with_spouse"", ""gift_for_child"", ""sustainable_values"", ""innovation_interest""]",0.95,23K,VIC,tier3_llm,0.0001,3,"[""RGPD keywords detected: ['trans']""]",0.95,False,,,"venture capitalist tech startups, entrepreneur fashion e-commerce platform",[],{},"{""shopping_with"": [""spouse""], ""gift_for"": [""child""]}",Profession includes 'venture capitalist tech startups' and 'entrepreneur fashion e-commerce platform' -> tags for tech and fashion entrepreneurs. Shopping together as a couple -> shopping_with_spouse. Mention of children indicates gift_for_child. Values around sustainability and innovation are highlighted.,,,
CA_378,2026-08-01,33 min,IT,"Signor Lombardi 52 anni cardiologo interventista ospedale universitario cliente regolare dal 2019,. Cerca borse professionali nuove primavera congressi medici se frequenti budget 8K approssimativo.,. ...","[""watches"", ""leather_goods"", ""ready_to_wear"", ""shopping_with_spouse"", ""gift_for_child""]",0.85,5K-10K,regular,tier2_ollama,0.0,2,"[""Medium complexity (239 tokens), NLP suitable""]",0.78,False,,,legal_*. avocat d'affaires,"[""penicilline_allergy""]",,"{""shopping_with"": [""spouse""], ""gift_for"": [""child""]}","Le informations mentionnent un cardiologue interventiste, un budget d'environ 8K€ pour des accessoires professionnels, une préférence pour le noir, le bleu marine et le marron, ainsi qu'une allergie à la pénicilline. Il est également mentionné que son épouse est une anesthésiologiste du même hôpital.","[""vegetarian""]",,
CA_379,2026-08-01,38 min,ES,"Sra. Méndez 40 años directora recursos humanos corporación multinacional nueva clienta ves potencial alto por ejemplo, ves. ves,. Busca bolsos profesionales trabajo viajes negocios frecuentes presupue...","[""ready_to_wear"", ""leather_goods"", ""shopping_with_spouse"", ""gift_for_child""]",0.85,5K-10K,first_visit,tier2_ollama,0.0,2,"[""Medium complexity (241 tokens), NLP suitable""]",0.78,False,,,legal_venture_capitalist,[],,"{""shopping_with"": [""spouse""], ""gift_for"": [""child""]}","La clienta es una directora de recursos humanos corporativa con un presupuesto inicial de 9K, busca bolsos profesionales para viajes y negocios, prefiere estilos corporativos elegantes y modernos en colores ejecutivos. Es vegetariana y su pareja también trabaja en el mundo corporativo de alto nivel. Se menciona que está interesada en la colección de business travel.","[""vegetarian""]",,
CA_380,2026-08-04,42 min,DE,"Herr und Frau Neumann beide 53 treue Kunden seit 2015. Großeinkauf Frühjahr plus Silberhochzeit Feier Geschenke gegenseitig Familie budget also sehr flexibel besprochen 21K.,. Er Rechtsanwalt Verfassu...","[""legal_corporate"", ""legal_family"", ""shopping_with_spouse"", ""gift_for_spouse"", ""budget_very_flexible"", ""travel_frequent"", ""opera_theater""]",0.95,21K,Regular,tier3_llm,0.0001,3,"[""RGPD keywords detected: ['rechts']""]",0.95,False,,,"Rechtsanwalt Verfassungsrecht Professor Universität, Richterin Oberlandesgericht",[],{},"{""shopping_with"": [""spouse""], ""gift_for"": [""spouse""]}",Profession includes 'Rechtsanwalt' and 'Richterin' -> legal_corporate and legal_family. Shopping together as a couple -> shopping_with_spouse. Gifts for each other -> gift_for_spouse. Budget discussed as very flexible at 21K.,,,
CA_381,2026-08-04,31 min,FR,"Mme Morel 35 ans cheffe pâtisserie restaurant étoilé Michelin nouvelle cliente potentiel. Recherche sac élégant travail événements culinaires budget 6K, plus ou moins. raffiné créatif pâtissier cuirs ...","[""ready_to_wear"", ""leather_goods"", ""shopping_with_spouse"", ""gift_for_child""]",0.85,5K-10K,first_visit,tier2_ollama,0.0,2,"[""Medium complexity (228 tokens), NLP suitable""]",0.78,False,,,"legal_creative_*, culinary_*","[""nut_allergy""]",,"{""shopping_with"": [""spouse""], ""gift_for"": [""child""]}","Client est une cheffe pâtisserie avec un budget de 6K, recherche des sacs élégants pour son travail et voyage. Elle pratique le yoga et a des allergies aux fruits de mer.","[""vegetarian""]",,
CA_382,2026-08-05,46 min,EN,"Mr if you will,. and Mrs so,.,. Lee both 58 VIP clients since 2014. Major shopping celebrating business milestone company IPO successful combined budget 28K extremely flexible, I see,. He founder CEO ...","[""shopping_with_spouse"", ""milestone_celebration"", ""philanthropy""]",0.95,28K,VIC,tier3_llm,0.0001,3,"[""VIP/VIC client - premium processing""]",0.9,False,,,Founder CEO biotech company,[],"{""gluten_intolerance"": ""moderate""}","{""shopping_with"": [""spouse""], ""gift_for"": [""child""]}",Profession 'Founder CEO biotech company' -> entrepreneur_biotech. Shopping with spouse -> shopping_with_spouse. Gift opportunities for three adult children -> gift_for_children. Celebrating business milestone IPO -> milestone_celebration. Mention of philanthropy and donations -> philanthropy.,,,
CA_383,2026-08-05,34 min,IT,"Signora Martini 43 anni neurologa ricerca malattie neurodegenerative università cliente regolare dal 2020,.,. Cerca borse nuove primavera conferenze che ricerca frequenti budget 7K. Stile medico accad...","[""watches"", ""jewelry"", ""ready_to_wear"", ""shoes"", ""travel_luggage"", ""shopping_with_spouse"", ""gift_for_child"", ""gift_for_parent""]",0.85,5K-10K,regular,tier2_ollama,0.0,2,"[""Medium complexity (255 tokens), NLP suitable""]",0.78,False,,,legal_*. academic_*,[],,"{""shopping_with"": [""spouse""], ""gift_for"": [""child"", ""parent""]}",La cliente è una neurologa accademica regolare dal 2020 con un budget di 7K. Pratica lo stile medico-académico e preferisce colori professionali. La sua collezione comprende libri storici sulla neurologia e viaggia per presentare la ricerca in congressi internazionali. Il marito è anche un neuroscienziato e i figli studiano scienze. La famiglia cerca materiali innovativi e prodotti scientifici.,"[""vegetarian""]",,
CA_384,2026-08-06,37 min,ES,"Sr,.,. Castro 46 años arquitecto paisajista proyectos sostenibles importante cliente ocasional desde 2021,. Busca bolsos trabajo proyectos clientes reuniones presupuesto 8K aproximado en cierto modo,....","[""leather_goods"", ""travel_luggage""]",0.85,5K-10K,occasional,tier2_ollama,0.0,2,"[""Medium complexity (242 tokens), NLP suitable""]",0.78,False,,,legal_*.entrepreneur*,"[""pollen_allergy""]",,"{""shopping_with"": [], ""gift_for"": []}","El cliente es un arquitecto paisajista con un estilo sostenible, busca bolsos y maletas en un rango de presupuesto de aproximadamente 8K. Es vegetariano estricto y tiene alergia a la polen.","[""vegetarian""]",,
CA_385,2026-08-06,40 min,DE,Frau Wagner 48 Psychiaterin also Klinik Psychotherapie regelmäßige Kundin seit 2018. Sucht Taschen Frühjahr beruflich Konferenzen Psychiatrie frequent budget 9K. Stil professionell beruhigend elegant ...,"[""medical_specialist"", ""shopping_with_spouse"", ""budget_very_flexible"", ""travel_frequent"", ""wellness_yoga"", ""book_collector_rare""]",0.9,9K,Regular,tier3_llm,0.0001,3,"[""RGPD keywords detected: ['psychiater', 'psychologe']""]",0.95,False,,,Psychiaterin,[],{},"{""shopping_with"": [""spouse""], ""gift_for"": []}",Profession 'Psychiaterin' -> medical_specialist. Regular client since 2018 indicates 'Regular' status. No allergies mentioned. Shopping context suggests spouse involvement.,,,
CA_386,2026-08-07,29 min,FR,M. Petit 34 ans ingénieur aérospatial startup satellites nouveau client potentiel intéressant. Cherche sac voyage professionnel conférences spatiales budget 5K initial. tech moderne fonctionnel cuir n...,"[""entrepreneur_tech"", ""shopping_with_spouse"", ""tech_enthusiast"", ""travel_frequent""]",0.9,5k-10k,first_visit,tier3_llm,0.0001,3,"[""RGPD keywords detected: ['trans']""]",0.95,False,,,Ingénieur aérospatial,[],"{""altitude_sinus_allergy"": ""severe""}","{""shopping_with"": [""spouse""], ""gift_for"": []}",Profession 'ingénieur aérospatial' -> entrepreneur_tech. Shopping with spouse -> shopping_with_spouse. Allergy to altitude with significant impact -> altitude_sinus_allergy with severity severe. Budget specified as 5K -> budget_range 5k-10k.,,,
CA_387,2026-08-07,45 min,EN,"Dr., so what. Johnson 55 oncologist research cancer treatments Mrs. Johnson 53 nurse oncology unit VIP clients since 2016 so,. Shopping spring collection anniversary celebration 28 years marriage comb...","[""medical_specialist"", ""shopping_with_spouse"", ""gift_for_spouse"", ""anniversary_gift"", ""pescatarian"", ""philanthropy""]",0.95,19K,VIP,tier3_llm,0.0001,3,"[""RGPD keywords detected: ['cancer']""]",0.95,False,,,oncologist,[],"{""latex_allergy"": ""moderate""}","{""shopping_with"": [""spouse""], ""gift_for"": [""spouse""]}",Profession 'oncologist' -> medical_specialist. Shopping with spouse for anniversary celebration -> shopping_with_spouse + gift_for_spouse + anniversary_gift. Pescatarian lifestyle noted. Latex allergy detected with default severity moderate.,,,
CA_388,2026-08-08,32 min,IT,Signor Ferrari 50 anni direttore comunicazione azienda multinazionale cliente regolare dal 2019 se. Cerca borse nuove primavera viaggi lavoro comunicazione corporate frequenti budget 10K approssimativ...,"[""ready_to_wear"", ""leather_goods"", ""shopping_with_spouse"", ""gift_for_child""]",0.85,10K-20K,regular,tier2_ollama,0.0,2,"[""Medium complexity (226 tokens), NLP suitable""]",0.78,False,,,legal_communication,[],,"{""shopping_with"": [""spouse""], ""gift_for"": [""child""]}","Il cliente è un direttore di comunicazione aziendale con un budget approssimativo tra 10K e 20K, preferisce stili corporate eleganti moderni in nero, navy o grigio. È pescetariano e ha una relazione con una giornalista televisiva. Sta cercando borse nuove per la primavera.","[""vegetarian""]",,
CA_389,2026-08-08,36 min,ES,"Sra alrededor de,. más o menos, ves. Herrera 44 años diseñadora interiores proyectos residenciales lujo nueva clienta potencial alto.,. Busca bolsos elegantes trabajo clientes alto perfil presupuesto ...","[""ready_to_wear"", ""leather_goods"", ""shopping_with_spouse""]",0.8,10K-20K,first_visit,tier2_ollama,0.0,2,"[""Medium complexity (240 tokens), NLP suitable""]",0.78,False,,,legal_*.entrepreneur*,"[""nickel_allergy""]",,"{""shopping_with"": [""spouse""], ""gift_for"": []}",La cliente es una diseñadora de interiores con un alto perfil y busca bolsos elegantes para su trabajo. Su estilo es sofisticado y aprecia la belleza en los detalles. Tiene alergia a la níquel y sigue una dieta vegetariana.,"[""vegetarian""]",,
CA_390,2026-08-11,43 min,DE,"Herr und Frau Fischer beide 50 treue Kunden seit 2017., ein bisschen. Einkauf Frühjahr plus Geschenke Jubiläum 20 Jahre Ehe Familie Freunde budget zusammen 18K flexibel,. Er Zahnarzt eigene Praxis erf...","[""medical_specialist"", ""shopping_with_spouse"", ""anniversary_gift"", ""vegetarian""]",0.95,18K,Regular,tier3_llm,0.0001,3,"[""VIP/VIC client - premium processing""]",0.9,False,,,"Zahnarzt, Zahnärztin",[],{},"{""shopping_with"": [""spouse""], ""gift_for"": [""child""]}",Profession as 'Zahnarzt' and 'Zahnärztin' -> medical_specialist. Shopping together as a couple -> shopping_with_spouse. Gifts for their children studying medicine -> gift_for_children + anniversary_gift for their 20 years of marriage. Vegetarian lifestyle noted.,,,
CA_391,2026-08-11,28 min,FR,"Mme Chevalier 37 ans responsable développement durable grande entreprise nouvelle cliente potentiel,. Recherche sac professionnel écologique si possible réunions stakeholders budget 5500€. moderne dur...","[""sustainable_values"", ""vegan"", ""chemical_sensitivity""]",0.9,5k-10k,first_visit,tier3_llm,0.0001,3,"[""RGPD keywords detected: ['militant', 'trans']""]",0.95,False,,,Responsable développement durable,[],"{""latex_allergy"": ""moderate"", ""chemical_sensitivity"": ""moderate""}","{""shopping_with"": [""partner""], ""gift_for"": []}","Profession 'responsable développement durable' -> corporate_executive. Budget of 5500€ indicates a range of 5k-10k. Client is a first-time visitor. Allergies to latex and chemical sensitivity detected, both with moderate severity. Shopping with partner indicated.",,,
CA_392,2026-08-12,47 min,EN,"Mr. and Mrs. Williams both 60 VIP clients since 2015,.,. Major shopping spring collection retirement celebration both careers successful combined budget 26K very flexible. in some way, something,. He ...","[""corporate_executive_c_level"", ""shopping_with_spouse"", ""retirement_celebration"", ""philanthropy"", ""book_collector_rare""]",0.95,26K,VIC,tier3_llm,0.0001,3,"[""RGPD keywords detected: ['party', 'trans']""]",0.95,False,,,"CEO pharmaceutical company, hospital administrator",[],"{""nickel_allergy"": ""moderate""}","{""shopping_with"": [""spouse""], ""gift_for"": [""child""]}",Profession as CEO and hospital administrator indicates high-level corporate roles -> corporate_executive_c_level and healthcare_executive. Shopping with spouse and having children indicates family context -> shopping_with_spouse and gift_for_children. Retirement celebration is a key occasion. Philanthropy and book collecting are noted interests.,,,
CA_393,2026-08-12,33 min,IT,Signora Bianchi 46 anni avvocata penalista casi alto profilo media cliente regolare dal 2020. Cerca borse professionali nuove primavera tribunali processi visibilità per esempio budget 8K. Stile profe...,"[""watches"", ""leather_goods"", ""ready_to_wear"", ""shopping_with_spouse"", ""gift_for_child""]",0.85,5K-10K,regular,tier2_ollama,0.0,2,"[""Medium complexity (235 tokens), NLP suitable""]",0.78,False,,,legal_aviation,"[""perfume_sensitivity""]",,"{""shopping_with"": [""spouse""], ""gift_for"": [""child""]}","La cliente è un'avvocata penalista con un budget di circa 8K, preferisce borse professionali e stile autorevole. Il marito è giornalista giudiziario e la figlia studia giurisprudenza.",[],,
CA_394,2026-08-13,38 min,ES,Sr. Vázquez 42 años sommelier jefe restaurante tres estrellas Michelin nuevo cliente potencial excelente. Busca por ejemplo bolsos trabajo elegantes eventos vino alta gastronomía presupuesto 7K inicia...,"[""watches"", ""leather_goods"", ""travel_luggage""]",0.8,5K-10K,first_visit,tier2_ollama,0.0,2,"[""Medium complexity (234 tokens), NLP suitable""]",0.78,False,,,legal_aviation,"[""sulfite_allergy""]",,"{""shopping_with"": [], ""gift_for"": []}","El cliente es un sommelier de alta gastronomía, busca bolsos y viajes relacionados con el vino, tiene un presupuesto inicial de 7K, prefiere colores como el vino bordeaux y tonos tierra, y menciona colecciones de sacacorchos históricos. No se mencionan compras para otras personas.","[""pescetarian""]",,
CA_395,2026-08-13,41 min,DE,"Frau Meyer 49 Gynäkologin also Krankenhaus Chef Abteilung regelmäßige Kundin seit 2018. Sucht Taschen Frühjahr Konferenzen Gynäkologie zahlreich budget 9K, ein wenig, wie. Stil medizinisch professione...","[""watches"", ""travel_luggage"", ""ready_to_wear""]",0.75,5K-10K,regular,tier2_ollama,0.0,2,"[""Medium complexity (251 tokens), NLP suitable""]",0.78,False,,,legal_aviation,"[""latex_allergy""]",,"{""shopping_with"": [], ""gift_for"": []}","Note vocale indique une gynécologue avec des intérêts médicaux et personnels, mais pas de mentions directes sur les produits ou relations spécifiques.","[""vegetarian""]",,
CA_396,2026-08-14,30 min,FR,"M,. Fontaine 36 ans chef sommelier hôtel palace cinq étoiles nouveau client potentiel,., par exemple. Cherche sac élégant travail cave service vins prestigieux budget 6K. raffiné sobre luxe hôtelier c...","[""leather_goods"", ""ready_to_wear""]",0.85,5K-10K,first_visit,tier2_ollama,0.0,2,"[""Medium complexity (223 tokens), NLP suitable""]",0.78,False,,,legal_aviation,"[""nut_allergy""]",,"{""shopping_with"": [], ""gift_for"": []}","Le client est un chef sommelier d'un hôtel de luxe, avec un budget de 6K pour un sac élégant. Il a une allergie aux fruits et est végétarien pour les événements.","[""vegetarian""]",,
CA_397,2026-08-14,45 min,EN,"Dr,. Anderson and Dr.,. Anderson both 57 VIP clients since 2015.,. He's pulmonologist critical care she's infectious disease specialist both teaching hospital renowned. Major shopping spring collectio...","[""medical_specialist"", ""shopping_with_spouse"", ""gift_for_child"", ""milestone_celebration"", ""philanthropy""]",0.95,20K,VIC,tier3_llm,0.0001,3,"[""VIP/VIC client - premium processing""]",0.9,False,,,"Pulmonologist critical care, Infectious disease specialist",[],{},"{""shopping_with"": [""spouse""], ""gift_for"": [""child""]}",Profession includes 'pulmonologist critical care' and 'infectious disease specialist' -> medical_specialist. Shopping together as a couple -> shopping_with_spouse. Gifts for family milestones and children -> gift_for_child + milestone_celebration. Their involvement in medical charities indicates a philanthropic nature.,,,
CA_398,2026-08-15,34 min,IT,"Signor Rossi 45 anni direttore vendite azienda farmaceutica multinazionale cliente regolare dal 2019. Cerca borse viaggio lavoro spostamenti clienti medici frequenti budget 8K approssimativo. così,. S...","[""travel_luggage"", ""ready_to_wear"", ""shopping_with_spouse"", ""gift_for_child""]",0.85,5K-10K,regular,tier2_ollama,0.0,2,"[""Medium complexity (232 tokens), NLP suitable""]",0.78,False,,,legal_venture_capitalist,[],,"{""shopping_with"": [""spouse""], ""gift_for"": [""child""]}","Il cliente è un direttore vendite in una multinazionale farmaceutica, cerca borse viaggio per lavoro e clienti medici frequenti. Ha un budget di circa 8K, preferisce stili professionali e classici come nero, navy e marrone. È pescetariano e ha relazioni con la sua moglie farmacista e figli che studiano medicina.","[""vegetarian""]",,
CA_399,2026-08-15,37 min,ES,"Sra, que. Ortiz 43 años directora marketing agencia publicidad creativa nueva clienta potencial alto. Busca bolsos elegantes trabajo clientes reuniones creativas presupuesto 10K flexible,. Estilo crea...","[""ready_to_wear"", ""creative_*, media_*""]",0.85,10K-20K,first_visit,tier2_ollama,0.0,2,"[""Medium complexity (247 tokens), NLP suitable""]",0.78,False,,,"legal_*, creative_*","[""nickel_allergy""]",,"{""shopping_with"": [], ""gift_for"": []}","La cliente es una directora de marketing en una agencia creativa, busca bolsos elegantes para trabajo y reuniones con clientes. Su estilo es moderno y sofisticado, y está interesada en la colección de la marca. Viaja frecuentemente y tiene alergia a la níquel.","[""vegetarian""]",,
CA_400,2026-08-18,42 min,DE,"Herr und Frau Braun beide 52 treue Kunden seit 2016.,. Großeinkauf Frühjahr Geschenke Kinder Abschlüsse Meilensteine Familie budget sehr flexibel besprochen 19K,. Er Professor wie Mathematik Universit...","[""shopping_with_spouse"", ""gift_for_child"", ""graduation_gift"", ""vegetarian""]",0.95,19K,Regular,tier3_llm,0.0001,3,"[""Complex relationship dynamics detected""]",0.82,False,,,Professor in Mathematics and Professor in Physics,[],{},"{""shopping_with"": [""spouse""], ""gift_for"": [""child""]}","Both clients are professors in the academic field -> academic_professor. Shopping together as a couple -> shopping_with_spouse. Gifts for children celebrating milestones -> gift_for_child + graduation_gift. They are vegetarians, which is noted in their lifestyle.",,,
